pdb_id,chain_id,1,2,3,4,5,6,7,8,9,10,11,12,13,14,15,16,17,18,19,20,21,22,23,24,25,26,27,28
1BMQ,A,A_285_CYS,,,,,,,,,,,,,,,,,,,,,,,,,,,
1DB4,A,A_28_CYS,A_44_CYS,,,,,,,,,,,,,,,,,,,,,,,,,,
1DB5,A,A_28_CYS,A_44_CYS,,,,,,,,,,,,,,,,,,,,,,,,,,
1EF3,A_B,A_298_CYS,B_298_CYS,,,,,,,,,,,,,,,,,,,,,,,,,,
1EL3,A,A_298_CYS,,,,,,,,,,,,,,,,,,,,,,,,,,,
1EZF,A_B_C,A_289_CYS,B_289_CYS,C_289_CYS,,,,,,,,,,,,,,,,,,,,,,,,,
1FAX,A,A_191_CYS,A_220_CYS,,,,,,,,,,,,,,,,,,,,,,,,,,
1FM6,D_X,D_285_CYS,X_285_CYS,,,,,,,,,,,,,,,,,,,,,,,,,,
1FM9,D,D_285_CYS,,,,,,,,,,,,,,,,,,,,,,,,,,,
1G37,A,A_191_CYS,A_220_CYS,,,,,,,,,,,,,,,,,,,,,,,,,,
1GFW,A,A_163_CYS,,,,,,,,,,,,,,,,,,,,,,,,,,,
1H9U,A_B_C_D,A_503_CYS,B_503_CYS,C_503_CYS,D_503_CYS,,,,,,,,,,,,,,,,,,,,,,,,
1HUT,H,H_191_CYS,H_220_CYS,,,,,,,,,,,,,,,,,,,,,,,,,,
1HVY,A_B_C_D,A_195_CYS,B_195_CYS,C_195_CYS,D_195_CYS,,,,,,,,,,,,,,,,,,,,,,,,
1HWI,A_B_C_D,A_561_CYS,B_561_CYS,C_561_CYS,D_561_CYS,,,,,,,,,,,,,,,,,,,,,,,,
1HWJ,A_B_C_D,A_561_CYS,B_561_CYS,C_561_CYS,D_561_CYS,,,,,,,,,,,,,,,,,,,,,,,,
1HWK,A_B_C_D,A_561_CYS,B_561_CYS,C_561_CYS,D_561_CYS,,,,,,,,,,,,,,,,,,,,,,,,
1HWL,A_B_C_D,A_561_CYS,B_561_CYS,C_561_CYS,D_561_CYS,,,,,,,,,,,,,,,,,,,,,,,,
1I72,A,A_226_CYS,A_82_CYS,,,,,,,,,,,,,,,,,,,,,,,,,,
1I7G,A,A_275_CYS,A_276_CYS,,,,,,,,,,,,,,,,,,,,,,,,,,
1I7I,A_B,A_285_CYS,B_285_CYS,,,,,,,,,,,,,,,,,,,,,,,,,,
1IEI,A,A_298_CYS,,,,,,,,,,,,,,,,,,,,,,,,,,,
1J1A,A_B,A_28_CYS,A_44_CYS,B_28_CYS,B_44_CYS,,,,,,,,,,,,,,,,,,,,,,,,
1JU6,A_B_C_D,A_195_CYS,B_195_CYS,C_195_CYS,D_195_CYS,,,,,,,,,,,,,,,,,,,,,,,,
1JUJ,A_B_C_D,A_195_CYS,B_195_CYS,C_195_CYS,D_195_CYS,,,,,,,,,,,,,,,,,,,,,,,,
1K21,H,H_191_CYS,,,,,,,,,,,,,,,,,,,,,,,,,,,
1K22,H,H_191_CYS,H_220_CYS,,,,,,,,,,,,,,,,,,,,,,,,,,
1K74,D,D_285_CYS,,,,,,,,,,,,,,,,,,,,,,,,,,,
1KKQ,A_B_C_D,A_275_CYS,A_276_CYS,B_276_CYS,C_275_CYS,C_276_CYS,D_276_CYS,,,,,,,,,,,,,,,,,,,,,,
1KVO,A_B_C_D_E_F,A_28_CYS,A_44_CYS,B_28_CYS,B_44_CYS,C_28_CYS,C_44_CYS,D_28_CYS,D_44_CYS,E_28_CYS,E_44_CYS,F_44_CYS,,,,,,,,,,,,,,,,,
1LD7,B,B_754_CYS,B_799_CYS,,,,,,,,,,,,,,,,,,,,,,,,,,
1LD8,B,B_706_CYS,B_754_CYS,B_799_CYS,,,,,,,,,,,,,,,,,,,,,,,,,
1LQF,A_B_C_D,A_715_CYS,B_715_CYS,C_715_CYS,D_715_CYS,,,,,,,,,,,,,,,,,,,,,,,,
1M2Z,A_D,A_736_CYS,D_736_CYS,,,,,,,,,,,,,,,,,,,,,,,,,,
1M9K,A_B,A_184_CYS,B_184_CYS,,,,,,,,,,,,,,,,,,,,,,,,,,
1MS6,A,A_25_CYS,,,,,,,,,,,,,,,,,,,,,,,,,,,
1MZC,B,B_754_CYS,B_799_CYS,,,,,,,,,,,,,,,,,,,,,,,,,,
1NL6,A_B,A_22_CYS,A_25_CYS,B_22_CYS,B_25_CYS,,,,,,,,,,,,,,,,,,,,,,,,
1NLJ,A_B,A_25_CYS,B_25_CYS,,,,,,,,,,,,,,,,,,,,,,,,,,
1NVQ,A,A_87_CYS,,,,,,,,,,,,,,,,,,,,,,,,,,,
1NVS,A,A_87_CYS,,,,,,,,,,,,,,,,,,,,,,,,,,,
1NYX,A,A_285_CYS,,,,,,,,,,,,,,,,,,,,,,,,,,,
1NZQ,H,H_220_CYS,,,,,,,,,,,,,,,,,,,,,,,,,,,
1O0D,H,H_191_CYS,H_220_CYS,,,,,,,,,,,,,,,,,,,,,,,,,,
1O42,A,A_44_CYS,,,,,,,,,,,,,,,,,,,,,,,,,,,
1O44,A,A_44_CYS,,,,,,,,,,,,,,,,,,,,,,,,,,,
1O45,A,A_44_CYS,,,,,,,,,,,,,,,,,,,,,,,,,,,
1O46,A,A_44_CYS,,,,,,,,,,,,,,,,,,,,,,,,,,,
1O47,A,A_44_CYS,,,,,,,,,,,,,,,,,,,,,,,,,,,
1O48,A,A_44_CYS,,,,,,,,,,,,,,,,,,,,,,,,,,,
1O49,A,A_44_CYS,,,,,,,,,,,,,,,,,,,,,,,,,,,
1O4A,A,A_44_CYS,,,,,,,,,,,,,,,,,,,,,,,,,,,
1OJC,A_B,A_172_CYS,A_397_CYS,B_172_CYS,B_397_CYS,,,,,,,,,,,,,,,,,,,,,,,,
1P93,A_B_C_D,A_736_CYS,B_736_CYS,C_736_CYS,D_736_CYS,,,,,,,,,,,,,,,,,,,,,,,,
1PL0,A_C,A_101_CYS,C_101_CYS,,,,,,,,,,,,,,,,,,,,,,,,,,
1PL6,A_B_C_D,A_249_CYS,A_44_CYS,B_249_CYS,B_44_CYS,C_249_CYS,C_44_CYS,D_249_CYS,D_44_CYS,,,,,,,,,,,,,,,,,,,,
1PWL,A,A_298_CYS,,,,,,,,,,,,,,,,,,,,,,,,,,,
1PWM,A,A_298_CYS,,,,,,,,,,,,,,,,,,,,,,,,,,,
1Q3D,A_B,A_199_CYS,B_199_CYS,,,,,,,,,,,,,,,,,,,,,,,,,,
1Q3W,A_B,A_199_CYS,B_199_CYS,,,,,,,,,,,,,,,,,,,,,,,,,,
1Q41,A,A_199_CYS,,,,,,,,,,,,,,,,,,,,,,,,,,,
1Q4L,A_B,A_199_CYS,B_199_CYS,,,,,,,,,,,,,,,,,,,,,,,,,,
1Q5K,A,A_199_CYS,,,,,,,,,,,,,,,,,,,,,,,,,,,
1Q6J,A,A_215_CYS,,,,,,,,,,,,,,,,,,,,,,,,,,,
1Q6K,A,A_25_CYS,A_63_CYS,,,,,,,,,,,,,,,,,,,,,,,,,,
1Q6M,A,A_215_CYS,,,,,,,,,,,,,,,,,,,,,,,,,,,
1Q6N,A_B,A_715_CYS,B_1215_CYS,,,,,,,,,,,,,,,,,,,,,,,,,,
1Q6P,A_B,A_715_CYS,B_1215_CYS,,,,,,,,,,,,,,,,,,,,,,,,,,
1Q6S,A_B,A_715_CYS,B_1215_CYS,,,,,,,,,,,,,,,,,,,,,,,,,,
1Q6T,A_B,A_715_CYS,B_1215_CYS,,,,,,,,,,,,,,,,,,,,,,,,,,
1QHR,B,B_191_CYS,B_220_CYS,,,,,,,,,,,,,,,,,,,,,,,,,,
1QJ1,B,B_191_CYS,,,,,,,,,,,,,,,,,,,,,,,,,,,
1QJ6,B,B_191_CYS,B_220_CYS,,,,,,,,,,,,,,,,,,,,,,,,,,
1QJ7,B,B_191_CYS,B_220_CYS,,,,,,,,,,,,,,,,,,,,,,,,,,
1RDT,D,D_285_CYS,,,,,,,,,,,,,,,,,,,,,,,,,,,
1RHJ,A_C,A_285_CYS,C_785_CYS,,,,,,,,,,,,,,,,,,,,,,,,,,
1RHR,A,A_285_CYS,,,,,,,,,,,,,,,,,,,,,,,,,,,
1RHU,A,A_285_CYS,,,,,,,,,,,,,,,,,,,,,,,,,,,
1RIW,C,C_261_CYS,,,,,,,,,,,,,,,,,,,,,,,,,,,
1RWW,A,A_285_CYS,,,,,,,,,,,,,,,,,,,,,,,,,,,
1S2C,A,A_7_CYS,,,,,,,,,,,,,,,,,,,,,,,,,,,
1S3E,A_B,A_172_CYS,A_397_CYS,B_172_CYS,B_397_CYS,,,,,,,,,,,,,,,,,,,,,,,,
1S63,B,B_254_CYS,B_299_CYS,,,,,,,,,,,,,,,,,,,,,,,,,,
1SA4,B,B_254_CYS,B_299_CYS,,,,,,,,,,,,,,,,,,,,,,,,,,
1SJ0,A,A_530_CYS,,,,,,,,,,,,,,,,,,,,,,,,,,,
1SNK,A,A_25_CYS,,,,,,,,,,,,,,,,,,,,,,,,,,,
1SQA,A,A_207_CYS,A_235_CYS,,,,,,,,,,,,,,,,,,,,,,,,,,
1T31,A,A_42_CYS,,,,,,,,,,,,,,,,,,,,,,,,,,,
1T40,A,A_298_CYS,A_303_CYS,A_80_CYS,,,,,,,,,,,,,,,,,,,,,,,,,
1T41,A,A_298_CYS,A_303_CYS,A_80_CYS,,,,,,,,,,,,,,,,,,,,,,,,,
1T46,A,A_673_CYS,A_788_CYS,A_809_CYS,,,,,,,,,,,,,,,,,,,,,,,,,
1TOM,H,H_191_CYS,H_220_CYS,,,,,,,,,,,,,,,,,,,,,,,,,,
1TOU,A,A_117_CYS,,,,,,,,,,,,,,,,,,,,,,,,,,,
1TOW,A,A_117_CYS,,,,,,,,,,,,,,,,,,,,,,,,,,,
1TU6,A_B,A_136_CYS,A_139_CYS,A_177_CYS,B_136_CYS,B_139_CYS,B_177_CYS,,,,,,,,,,,,,,,,,,,,,,
1U7T,A_B_C_D,A_91_CYS,B_91_CYS,C_91_CYS,D_91_CYS,,,,,,,,,,,,,,,,,,,,,,,,
1U9W,A,A_25_CYS,,,,,,,,,,,,,,,,,,,,,,,,,,,
1U9X,A,A_25_CYS,A_63_CYS,,,,,,,,,,,,,,,,,,,,,,,,,,
1UNG,A_B,A_83_CYS,B_83_CYS,,,,,,,,,,,,,,,,,,,,,,,,,,
1UNH,A_B,A_83_CYS,B_83_CYS,,,,,,,,,,,,,,,,,,,,,,,,,,
1UNL,A,A_83_CYS,,,,,,,,,,,,,,,,,,,,,,,,,,,
1US0,A,A_298_CYS,A_303_CYS,,,,,,,,,,,,,,,,,,,,,,,,,,
1UV5,A,A_199_CYS,,,,,,,,,,,,,,,,,,,,,,,,,,,
1UWH,A_B,A_531_CYS,B_531_CYS,,,,,,,,,,,,,,,,,,,,,,,,,,
1UWJ,A_B,A_531_CYS,B_531_CYS,,,,,,,,,,,,,,,,,,,,,,,,,,
1V3X,A,A_191_CYS,A_220_CYS,,,,,,,,,,,,,,,,,,,,,,,,,,
1VJA,U,U_191_CYS,U_220_CYS,,,,,,,,,,,,,,,,,,,,,,,,,,
1VSN,A,A_25_CYS,,,,,,,,,,,,,,,,,,,,,,,,,,,
1W6J,A,A_233_CYS,A_533_CYS,,,,,,,,,,,,,,,,,,,,,,,,,,
1WMA,A,A_226_CYS,,,,,,,,,,,,,,,,,,,,,,,,,,,
1WQV,H,H_191_CYS,H_220_CYS,,,,,,,,,,,,,,,,,,,,,,,,,,
1WSS,H,H_191_CYS,H_220_CYS,,,,,,,,,,,,,,,,,,,,,,,,,,
1WTG,H,H_191_CYS,H_220_CYS,,,,,,,,,,,,,,,,,,,,,,,,,,
1WU1,A,A_191_CYS,A_220_CYS,,,,,,,,,,,,,,,,,,,,,,,,,,
1WUN,H,H_191_CYS,H_220_CYS,,,,,,,,,,,,,,,,,,,,,,,,,,
1WV7,H,H_191_CYS,H_220_CYS,,,,,,,,,,,,,,,,,,,,,,,,,,
1X8B,A,A_379_CYS,,,,,,,,,,,,,,,,,,,,,,,,,,,
1X97,A,A_298_CYS,,,,,,,,,,,,,,,,,,,,,,,,,,,
1XBO,A,A_215_CYS,,,,,,,,,,,,,,,,,,,,,,,,,,,
1XKA,C,C_191_CYS,C_220_CYS,,,,,,,,,,,,,,,,,,,,,,,,,,
1XKB,C_D,C_191_CYS,C_220_CYS,D_191_CYS,D_220_CYS,,,,,,,,,,,,,,,,,,,,,,,,
1XKK,A,A_775_CYS,A_797_CYS,,,,,,,,,,,,,,,,,,,,,,,,,,
1XLS,E_F_G_H,E_229_CYS,F_229_CYS,G_229_CYS,H_229_CYS,,,,,,,,,,,,,,,,,,,,,,,,
1XP1,A,A_530_CYS,,,,,,,,,,,,,,,,,,,,,,,,,,,
1XP6,A,A_530_CYS,,,,,,,,,,,,,,,,,,,,,,,,,,,
1XPC,A,A_530_CYS,,,,,,,,,,,,,,,,,,,,,,,,,,,
1Y6A,A,A_917_CYS,,,,,,,,,,,,,,,,,,,,,,,,,,,
1Y6B,A,A_917_CYS,,,,,,,,,,,,,,,,,,,,,,,,,,,
1YK7,A,A_25_CYS,,,,,,,,,,,,,,,,,,,,,,,,,,,
1YT7,A,A_22_CYS,A_25_CYS,,,,,,,,,,,,,,,,,,,,,,,,,,
1YWN,A,A_1043_CYS,A_917_CYS,,,,,,,,,,,,,,,,,,,,,,,,,,
1YZ3,A_B,A_183_CYS,B_183_CYS,,,,,,,,,,,,,,,,,,,,,,,,,,
1Z3N,A,A_298_CYS,A_303_CYS,A_80_CYS,,,,,,,,,,,,,,,,,,,,,,,,,
1Z6J,H,H_191_CYS,H_220_CYS,H_58_CYS,,,,,,,,,,,,,,,,,,,,,,,,,
1Z89,A,A_298_CYS,A_303_CYS,,,,,,,,,,,,,,,,,,,,,,,,,,
1Z8A,A,A_298_CYS,A_303_CYS,,,,,,,,,,,,,,,,,,,,,,,,,,
1ZEO,A,A_285_CYS,,,,,,,,,,,,,,,,,,,,,,,,,,,
1ZGY,A,A_285_CYS,,,,,,,,,,,,,,,,,,,,,,,,,,,
1ZOM,A,A_191_CYS,A_219_CYS,,,,,,,,,,,,,,,,,,,,,,,,,,
1ZPB,A,A_191_CYS,A_219_CYS,,,,,,,,,,,,,,,,,,,,,,,,,,
1ZPC,A,A_191_CYS,A_219_CYS,,,,,,,,,,,,,,,,,,,,,,,,,,
1ZUA,X,X_299_CYS,,,,,,,,,,,,,,,,,,,,,,,,,,,
1ZUC,A_B,A_891_CYS,B_891_CYS,,,,,,,,,,,,,,,,,,,,,,,,,,
2A2X,H,H_220_CYS,,,,,,,,,,,,,,,,,,,,,,,,,,,
2AB2,A_B,A_849_CYS,A_942_CYS,B_849_CYS,B_942_CYS,,,,,,,,,,,,,,,,,,,,,,,,
2ABJ,A_D_G_J,A_333_CYS,A_336_CYS,D_333_CYS,G_333_CYS,G_336_CYS,J_333_CYS,J_336_CYS,,,,,,,,,,,,,,,,,,,,,
2AEI,H,H_191_CYS,H_220_CYS,,,,,,,,,,,,,,,,,,,,,,,,,,
2AGT,A,A_298_CYS,,,,,,,,,,,,,,,,,,,,,,,,,,,
2ANK,H,H_220_CYS,,,,,,,,,,,,,,,,,,,,,,,,,,,
2ANM,H,H_220_CYS,,,,,,,,,,,,,,,,,,,,,,,,,,,
2ATH,A_B,A_285_CYS,B_285_CYS,,,,,,,,,,,,,,,,,,,,,,,,,,
2AUX,A,A_25_CYS,,,,,,,,,,,,,,,,,,,,,,,,,,,
2AUZ,A,A_25_CYS,,,,,,,,,,,,,,,,,,,,,,,,,,,
2AYP,A,A_87_CYS,,,,,,,,,,,,,,,,,,,,,,,,,,,
2BDL,A,A_22_CYS,A_25_CYS,,,,,,,,,,,,,,,,,,,,,,,,,,
2BDY,A,A_231_CYS,A_261_CYS,,,,,,,,,,,,,,,,,,,,,,,,,,
2BXR,A_B,A_406_CYS,B_406_CYS,,,,,,,,,,,,,,,,,,,,,,,,,,
2BXS,A_B,A_323_CYS,A_406_CYS,B_323_CYS,B_406_CYS,,,,,,,,,,,,,,,,,,,,,,,,
2C3J,A,A_87_CYS,,,,,,,,,,,,,,,,,,,,,,,,,,,
2C3K,A,A_87_CYS,,,,,,,,,,,,,,,,,,,,,,,,,,,
2C4F,H,H_191_CYS,H_220_CYS,,,,,,,,,,,,,,,,,,,,,,,,,,
2C8W,B,B_191_CYS,B_220_CYS,,,,,,,,,,,,,,,,,,,,,,,,,,
2C8X,B,B_191_CYS,,,,,,,,,,,,,,,,,,,,,,,,,,,
2CM7,A,A_215_CYS,,,,,,,,,,,,,,,,,,,,,,,,,,,
2CMA,A,A_215_CYS,,,,,,,,,,,,,,,,,,,,,,,,,,,
2CMB,A,A_215_CYS,,,,,,,,,,,,,,,,,,,,,,,,,,,
2CNE,A,A_215_CYS,,,,,,,,,,,,,,,,,,,,,,,,,,,
2CNF,A,A_215_CYS,,,,,,,,,,,,,,,,,,,,,,,,,,,
2CNG,A,A_215_CYS,,,,,,,,,,,,,,,,,,,,,,,,,,,
2CNH,A,A_215_CYS,,,,,,,,,,,,,,,,,,,,,,,,,,,
2CNI,A,A_215_CYS,,,,,,,,,,,,,,,,,,,,,,,,,,,
2DUX,A,A_298_CYS,A_303_CYS,,,,,,,,,,,,,,,,,,,,,,,,,,
2DUZ,A,A_298_CYS,A_303_CYS,,,,,,,,,,,,,,,,,,,,,,,,,,
2DV0,A,A_298_CYS,A_303_CYS,,,,,,,,,,,,,,,,,,,,,,,,,,
2E9N,A,A_87_CYS,,,,,,,,,,,,,,,,,,,,,,,,,,,
2E9O,A,A_87_CYS,,,,,,,,,,,,,,,,,,,,,,,,,,,
2E9P,A,A_87_CYS,,,,,,,,,,,,,,,,,,,,,,,,,,,
2E9U,A,A_87_CYS,,,,,,,,,,,,,,,,,,,,,,,,,,,
2E9V,A_B,A_87_CYS,B_87_CYS,,,,,,,,,,,,,,,,,,,,,,,,,,
2EC9,H,H_220_CYS,,,,,,,,,,,,,,,,,,,,,,,,,,,
2EI6,A,A_191_CYS,A_220_CYS,,,,,,,,,,,,,,,,,,,,,,,,,,
2EI7,A,A_191_CYS,A_220_CYS,,,,,,,,,,,,,,,,,,,,,,,,,,
2EI8,A,A_191_CYS,A_220_CYS,,,,,,,,,,,,,,,,,,,,,,,,,,
2ETM,A_B,A_502_CYS,B_502_CYS,,,,,,,,,,,,,,,,,,,,,,,,,,
2EWP,A_B_C_D_E,A_269_CYS,B_269_CYS,C_269_CYS,D_269_CYS,E_269_CYS,,,,,,,,,,,,,,,,,,,,,,,
2F0Y,B,B_254_CYS,B_299_CYS,,,,,,,,,,,,,,,,,,,,,,,,,,
2F4B,A,A_285_CYS,,,,,,,,,,,,,,,,,,,,,,,,,,,
2FDA,A,A_191_CYS,,,,,,,,,,,,,,,,,,,,,,,,,,,
2FDW,A_B_C_D,A_439_CYS,B_439_CYS,C_439_CYS,D_439_CYS,,,,,,,,,,,,,,,,,,,,,,,,
2FEQ,H,H_220_CYS,,,,,,,,,,,,,,,,,,,,,,,,,,,
2FJM,A_B,A_715_CYS,B_715_CYS,,,,,,,,,,,,,,,,,,,,,,,,,,
2FJN,A_B,A_715_CYS,B_715_CYS,,,,,,,,,,,,,,,,,,,,,,,,,,
2FZ8,A,A_298_CYS,A_303_CYS,,,,,,,,,,,,,,,,,,,,,,,,,,
2FZ9,A,A_298_CYS,A_303_CYS,,,,,,,,,,,,,,,,,,,,,,,,,,
2FZB,A,A_298_CYS,A_303_CYS,,,,,,,,,,,,,,,,,,,,,,,,,,
2FZD,A,A_298_CYS,A_303_CYS,,,,,,,,,,,,,,,,,,,,,,,,,,
2G0G,A,A_285_CYS,,,,,,,,,,,,,,,,,,,,,,,,,,,
2G0H,A_B,A_285_CYS,B_285_CYS,,,,,,,,,,,,,,,,,,,,,,,,,,
2GDE,H,H_191_CYS,H_220_CYS,,,,,,,,,,,,,,,,,,,,,,,,,,
2GDO,A,A_87_CYS,,,,,,,,,,,,,,,,,,,,,,,,,,,
2GHG,A,A_87_CYS,,,,,,,,,,,,,,,,,,,,,,,,,,,
2GMV,A,A_288_CYS,,,,,,,,,,,,,,,,,,,,,,,,,,,
2GPU,A,A_269_CYS,,,,,,,,,,,,,,,,,,,,,,,,,,,
2GPV,A_B_C_D_F,A_269_CYS,B_269_CYS,C_269_CYS,D_269_CYS,F_269_CYS,,,,,,,,,,,,,,,,,,,,,,,
2GTK,A,A_285_CYS,,,,,,,,,,,,,,,,,,,,,,,,,,,
2H02,A_B,A_1904_CYS,B_1904_CYS,,,,,,,,,,,,,,,,,,,,,,,,,,
2H03,A,A_1904_CYS,,,,,,,,,,,,,,,,,,,,,,,,,,,
2H04,A,A_1904_CYS,,,,,,,,,,,,,,,,,,,,,,,,,,,
2HFP,A,A_285_CYS,,,,,,,,,,,,,,,,,,,,,,,,,,,
2HI4,A,A_458_CYS,,,,,,,,,,,,,,,,,,,,,,,,,,,
2HOG,A,A_87_CYS,,,,,,,,,,,,,,,,,,,,,,,,,,,
2HPP,H,H_191_CYS,H_220_CYS,,,,,,,,,,,,,,,,,,,,,,,,,,
2HPQ,H,H_191_CYS,,,,,,,,,,,,,,,,,,,,,,,,,,,
2HV5,A,A_298_CYS,A_303_CYS,,,,,,,,,,,,,,,,,,,,,,,,,,
2HVN,A,A_298_CYS,A_303_CYS,,,,,,,,,,,,,,,,,,,,,,,,,,
2HVO,A,A_298_CYS,A_303_CYS,,,,,,,,,,,,,,,,,,,,,,,,,,
2HXQ,A,A_87_CYS,,,,,,,,,,,,,,,,,,,,,,,,,,,
2HY0,A,A_87_CYS,,,,,,,,,,,,,,,,,,,,,,,,,,,
2I0V,A,A_666_CYS,,,,,,,,,,,,,,,,,,,,,,,,,,,
2I0Y,A,A_666_CYS,A_667_CYS,,,,,,,,,,,,,,,,,,,,,,,,,,
2I16,A,A_299_CYS,A_304_CYS,,,,,,,,,,,,,,,,,,,,,,,,,,
2I17,A,A_299_CYS,A_304_CYS,,,,,,,,,,,,,,,,,,,,,,,,,,
2I1M,A,A_666_CYS,A_667_CYS,,,,,,,,,,,,,,,,,,,,,,,,,,
2I6A,A_B_C_D,A_123_CYS,B_123_CYS,C_123_CYS,D_123_CYS,,,,,,,,,,,,,,,,,,,,,,,,
2IGQ,A_B,A_1225_CYS,A_1227_CYS,B_1225_CYS,B_1227_CYS,,,,,,,,,,,,,,,,,,,,,,,,
2IKG,A,A_298_CYS,A_303_CYS,,,,,,,,,,,,,,,,,,,,,,,,,,
2IKI,A,A_298_CYS,A_303_CYS,,,,,,,,,,,,,,,,,,,,,,,,,,
2IKJ,A,A_298_CYS,A_303_CYS,,,,,,,,,,,,,,,,,,,,,,,,,,
2IN6,A,A_379_CYS,,,,,,,,,,,,,,,,,,,,,,,,,,,
2IO6,A,A_379_CYS,,,,,,,,,,,,,,,,,,,,,,,,,,,
2IOG,A,A_530_CYS,,,,,,,,,,,,,,,,,,,,,,,,,,,
2J0D,A_B,A_442_CYS,B_442_CYS,,,,,,,,,,,,,,,,,,,,,,,,,,
2J5F,A,A_797_CYS,,,,,,,,,,,,,,,,,,,,,,,,,,,
2JBO,A,A_140_CYS,,,,,,,,,,,,,,,,,,,,,,,,,,,
2JBP,A_B_C_D_F_G_H_I_K_L,A_140_CYS,B_140_CYS,C_140_CYS,D_140_CYS,F_140_CYS,G_140_CYS,H_140_CYS,I_140_CYS,K_140_CYS,L_140_CYS,,,,,,,,,,,,,,,,,,
2JLD,A_B,A_199_CYS,B_199_CYS,,,,,,,,,,,,,,,,,,,,,,,,,,
2NNI,A,A_435_CYS,,,,,,,,,,,,,,,,,,,,,,,,,,,
2NNQ,A,A_117_CYS,,,,,,,,,,,,,,,,,,,,,,,,,,,
2NQ6,A,A_203_CYS,A_301_CYS,,,,,,,,,,,,,,,,,,,,,,,,,,
2NSI,A_B_C_D,A_200_CYS,B_200_CYS,C_200_CYS,D_200_CYS,,,,,,,,,,,,,,,,,,,,,,,,
2NVC,A,A_298_CYS,,,,,,,,,,,,,,,,,,,,,,,,,,,
2NVD,A,A_298_CYS,,,,,,,,,,,,,,,,,,,,,,,,,,,
2OAX,A_B_C_D_E_F,A_849_CYS,A_942_CYS,B_849_CYS,B_942_CYS,C_849_CYS,C_942_CYS,D_849_CYS,D_942_CYS,E_849_CYS,E_942_CYS,F_849_CYS,F_942_CYS,,,,,,,,,,,,,,,,
2OH4,A,A_1043_CYS,A_917_CYS,,,,,,,,,,,,,,,,,,,,,,,,,,
2OO0,A_B,A_360_CYS,B_360_CYS,,,,,,,,,,,,,,,,,,,,,,,,,,
2OVH,A,A_891_CYS,,,,,,,,,,,,,,,,,,,,,,,,,,,
2OW3,A_B,A_199_CYS,B_199_CYS,,,,,,,,,,,,,,,,,,,,,,,,,,
2OWB,A,A_133_CYS,A_67_CYS,,,,,,,,,,,,,,,,,,,,,,,,,,
2P16,A,A_191_CYS,A_220_CYS,,,,,,,,,,,,,,,,,,,,,,,,,,
2P2H,A,A_1045_CYS,A_919_CYS,,,,,,,,,,,,,,,,,,,,,,,,,,
2P2I,A_B,A_1024_CYS,A_1045_CYS,A_919_CYS,B_1024_CYS,B_1045_CYS,B_919_CYS,,,,,,,,,,,,,,,,,,,,,,
2P3G,X,X_140_CYS,,,,,,,,,,,,,,,,,,,,,,,,,,,
2P7Z,A,A_269_CYS,,,,,,,,,,,,,,,,,,,,,,,,,,,
2PD5,A,A_298_CYS,A_303_CYS,,,,,,,,,,,,,,,,,,,,,,,,,,
2PD9,A,A_298_CYS,,,,,,,,,,,,,,,,,,,,,,,,,,,
2PDB,A,A_298_CYS,A_303_CYS,,,,,,,,,,,,,,,,,,,,,,,,,,
2PDC,A,A_298_CYS,A_303_CYS,,,,,,,,,,,,,,,,,,,,,,,,,,
2PDF,A,A_298_CYS,A_303_CYS,,,,,,,,,,,,,,,,,,,,,,,,,,
2PDG,A,A_298_CYS,A_303_CYS,,,,,,,,,,,,,,,,,,,,,,,,,,
2PDH,A,A_298_CYS,A_303_CYS,,,,,,,,,,,,,,,,,,,,,,,,,,
2PDI,A,A_298_CYS,A_303_CYS,,,,,,,,,,,,,,,,,,,,,,,,,,
2PDJ,A,A_298_CYS,A_303_CYS,,,,,,,,,,,,,,,,,,,,,,,,,,
2PDK,A,A_298_CYS,,,,,,,,,,,,,,,,,,,,,,,,,,,
2PDL,A,A_298_CYS,A_303_CYS,,,,,,,,,,,,,,,,,,,,,,,,,,
2PDM,A,A_298_CYS,A_303_CYS,,,,,,,,,,,,,,,,,,,,,,,,,,
2PDN,A,A_298_CYS,A_303_CYS,,,,,,,,,,,,,,,,,,,,,,,,,,
2PDP,A,A_298_CYS,A_303_CYS,,,,,,,,,,,,,,,,,,,,,,,,,,
2PDQ,A,A_298_CYS,,,,,,,,,,,,,,,,,,,,,,,,,,,
2PDU,A,A_298_CYS,,,,,,,,,,,,,,,,,,,,,,,,,,,
2PDW,A,A_298_CYS,,,,,,,,,,,,,,,,,,,,,,,,,,,
2PDX,A,A_298_CYS,,,,,,,,,,,,,,,,,,,,,,,,,,,
2PDY,A,A_298_CYS,,,,,,,,,,,,,,,,,,,,,,,,,,,
2PEV,A,A_298_CYS,A_303_CYS,,,,,,,,,,,,,,,,,,,,,,,,,,
2PF8,A,A_298_CYS,A_303_CYS,,,,,,,,,,,,,,,,,,,,,,,,,,
2PFH,A,A_298_CYS,A_303_CYS,,,,,,,,,,,,,,,,,,,,,,,,,,
2PHB,A,A_191_CYS,A_220_CYS,,,,,,,,,,,,,,,,,,,,,,,,,,
2PR3,A,A_191_CYS,A_220_CYS,,,,,,,,,,,,,,,,,,,,,,,,,,
2PRG,A_B,A_285_CYS,B_285_CYS,,,,,,,,,,,,,,,,,,,,,,,,,,
2PZN,A,A_298_CYS,A_303_CYS,,,,,,,,,,,,,,,,,,,,,,,,,,
2PZY,A_B_C,A_140_CYS,B_140_CYS,C_140_CYS,,,,,,,,,,,,,,,,,,,,,,,,,
2Q1J,A,A_220_CYS,,,,,,,,,,,,,,,,,,,,,,,,,,,
2Q1L,A_B_C_D,A_561_CYS,B_561_CYS,C_561_CYS,D_561_CYS,,,,,,,,,,,,,,,,,,,,,,,,
2Q59,B,B_285_CYS,,,,,,,,,,,,,,,,,,,,,,,,,,,
2Q5P,A_B,A_285_CYS,B_285_CYS,,,,,,,,,,,,,,,,,,,,,,,,,,
2Q5S,A_B,A_285_CYS,B_285_CYS,,,,,,,,,,,,,,,,,,,,,,,,,,
2Q6B,A_B_C_D,A_561_CYS,B_561_CYS,C_561_CYS,D_561_CYS,,,,,,,,,,,,,,,,,,,,,,,,
2Q6C,A_B_C_D,A_561_CYS,B_561_CYS,C_561_CYS,D_561_CYS,,,,,,,,,,,,,,,,,,,,,,,,
2Q8S,A,A_285_CYS,,,,,,,,,,,,,,,,,,,,,,,,,,,
2QHM,A,A_87_CYS,,,,,,,,,,,,,,,,,,,,,,,,,,,
2QHN,A,A_87_CYS,,,,,,,,,,,,,,,,,,,,,,,,,,,
2QU6,A_B,A_1045_CYS,A_919_CYS,B_1045_CYS,B_919_CYS,,,,,,,,,,,,,,,,,,,,,,,,
2QX4,B,B_121_CYS,,,,,,,,,,,,,,,,,,,,,,,,,,,
2QXW,A,A_298_CYS,A_303_CYS,,,,,,,,,,,,,,,,,,,,,,,,,,
2R0U,A,A_87_CYS,,,,,,,,,,,,,,,,,,,,,,,,,,,
2R24,A,A_298_CYS,A_303_CYS,A_80_CYS,,,,,,,,,,,,,,,,,,,,,,,,,
2R4B,A_B,A_803_CYS,B_803_CYS,,,,,,,,,,,,,,,,,,,,,,,,,,
2R4F,A_B_C_D,A_561_CYS,B_561_CYS,C_561_CYS,D_561_CYS,,,,,,,,,,,,,,,,,,,,,,,,
2R9M,A_B,A_25_CYS,B_25_CYS,,,,,,,,,,,,,,,,,,,,,,,,,,
2REW,A,A_275_CYS,A_276_CYS,,,,,,,,,,,,,,,,,,,,,,,,,,
2RFI,A_B,A_1225_CYS,A_1227_CYS,B_1225_CYS,,,,,,,,,,,,,,,,,,,,,,,,,
2RGP,A,A_775_CYS,,,,,,,,,,,,,,,,,,,,,,,,,,,
2RKU,A,A_133_CYS,A_67_CYS,,,,,,,,,,,,,,,,,,,,,,,,,,
2RL5,A,A_1045_CYS,A_919_CYS,,,,,,,,,,,,,,,,,,,,,,,,,,
2V0M,A_B_C_D,A_442_CYS,B_442_CYS,C_442_CYS,D_442_CYS,,,,,,,,,,,,,,,,,,,,,,,,
2V60,A_B,A_397_CYS,B_397_CYS,,,,,,,,,,,,,,,,,,,,,,,,,,
2V61,A_B,A_172_CYS,A_397_CYS,B_172_CYS,B_397_CYS,,,,,,,,,,,,,,,,,,,,,,,,
2VCX,B_D,B_156_CYS,D_156_CYS,,,,,,,,,,,,,,,,,,,,,,,,,,
2VD1,B,B_156_CYS,,,,,,,,,,,,,,,,,,,,,,,,,,,
2VEU,A,A_215_CYS,,,,,,,,,,,,,,,,,,,,,,,,,,,
2VEV,A,A_215_CYS,,,,,,,,,,,,,,,,,,,,,,,,,,,
2VEW,A,A_215_CYS,,,,,,,,,,,,,,,,,,,,,,,,,,,
2VEX,A,A_215_CYS,,,,,,,,,,,,,,,,,,,,,,,,,,,
2VEY,A,A_215_CYS,,,,,,,,,,,,,,,,,,,,,,,,,,,
2VIV,A,A_191_CYS,A_220_CYS,,,,,,,,,,,,,,,,,,,,,,,,,,
2VIW,A,A_191_CYS,A_220_CYS,A_58_CYS,,,,,,,,,,,,,,,,,,,,,,,,,
2VQJ,A,A_169_CYS,,,,,,,,,,,,,,,,,,,,,,,,,,,
2VQO,A_B,A_169_CYS,B_169_CYS,,,,,,,,,,,,,,,,,,,,,,,,,,
2VQQ,A_B,A_169_CYS,B_169_CYS,,,,,,,,,,,,,,,,,,,,,,,,,,
2W26,A,A_191_CYS,A_220_CYS,,,,,,,,,,,,,,,,,,,,,,,,,,
2W3I,A,A_220_CYS,,,,,,,,,,,,,,,,,,,,,,,,,,,
2W3K,A,A_191_CYS,A_220_CYS,,,,,,,,,,,,,,,,,,,,,,,,,,
2W8Y,A,A_891_CYS,,,,,,,,,,,,,,,,,,,,,,,,,,,
2WMW,A,A_87_CYS,,,,,,,,,,,,,,,,,,,,,,,,,,,
2WMX,A,A_87_CYS,,,,,,,,,,,,,,,,,,,,,,,,,,,
2X8E,A,A_87_CYS,,,,,,,,,,,,,,,,,,,,,,,,,,,
2X8I,A,A_87_CYS,,,,,,,,,,,,,,,,,,,,,,,,,,,
2X9E,A,A_604_CYS,,,,,,,,,,,,,,,,,,,,,,,,,,,
2XKD,A,A_22_CYS,A_89_CYS,,,,,,,,,,,,,,,,,,,,,,,,,,
2XKF,A,A_22_CYS,A_89_CYS,,,,,,,,,,,,,,,,,,,,,,,,,,
2XKW,A_B,A_285_CYS,B_285_CYS,,,,,,,,,,,,,,,,,,,,,,,,,,
2XNM,A,A_22_CYS,A_89_CYS,,,,,,,,,,,,,,,,,,,,,,,,,,
2XNP,A,A_22_CYS,A_89_CYS,,,,,,,,,,,,,,,,,,,,,,,,,,
2XU1,A_B_C_D,A_25_CYS,B_25_CYS,C_25_CYS,D_25_CYS,,,,,,,,,,,,,,,,,,,,,,,,
2XU3,A,A_25_CYS,,,,,,,,,,,,,,,,,,,,,,,,,,,
2XU4,A,A_25_CYS,,,,,,,,,,,,,,,,,,,,,,,,,,,
2XU5,A,A_25_CYS,,,,,,,,,,,,,,,,,,,,,,,,,,,
2Y1W,A_B_C_D,A_194_CYS,B_194_CYS,C_194_CYS,D_194_CYS,,,,,,,,,,,,,,,,,,,,,,,,
2Y1X,A_B_C_D,A_194_CYS,B_194_CYS,C_194_CYS,D_194_CYS,,,,,,,,,,,,,,,,,,,,,,,,
2YAC,A,A_133_CYS,A_67_CYS,,,,,,,,,,,,,,,,,,,,,,,,,,
2YCF,A,A_231_CYS,,,,,,,,,,,,,,,,,,,,,,,,,,,
2YCQ,A,A_231_CYS,,,,,,,,,,,,,,,,,,,,,,,,,,,
2YDI,A,A_87_CYS,,,,,,,,,,,,,,,,,,,,,,,,,,,
2YDJ,A_B,A_87_CYS,B_87_CYS,,,,,,,,,,,,,,,,,,,,,,,,,,
2YDK,A,A_87_CYS,,,,,,,,,,,,,,,,,,,,,,,,,,,
2YEM,A_B,A_429_CYS,B_429_CYS,,,,,,,,,,,,,,,,,,,,,,,,,,
2YER,A,A_87_CYS,,,,,,,,,,,,,,,,,,,,,,,,,,,
2YEX,A,A_87_CYS,,,,,,,,,,,,,,,,,,,,,,,,,,,
2YIR,A,A_231_CYS,,,,,,,,,,,,,,,,,,,,,,,,,,,
2YJ2,A,A_25_CYS,,,,,,,,,,,,,,,,,,,,,,,,,,,
2YJ8,A,A_25_CYS,,,,,,,,,,,,,,,,,,,,,,,,,,,
2YJ9,A,A_25_CYS,,,,,,,,,,,,,,,,,,,,,,,,,,,
2YJB,A,A_25_CYS,,,,,,,,,,,,,,,,,,,,,,,,,,,
2YJC,A,A_25_CYS,,,,,,,,,,,,,,,,,,,,,,,,,,,
2YM3,A,A_87_CYS,,,,,,,,,,,,,,,,,,,,,,,,,,,
2YM5,A,A_87_CYS,,,,,,,,,,,,,,,,,,,,,,,,,,,
2YM6,A,A_87_CYS,,,,,,,,,,,,,,,,,,,,,,,,,,,
2YM8,A,A_87_CYS,,,,,,,,,,,,,,,,,,,,,,,,,,,
2YWP,A,A_87_CYS,,,,,,,,,,,,,,,,,,,,,,,,,,,
2Z65,C,C_133_CYS,,,,,,,,,,,,,,,,,,,,,,,,,,,
2ZP0,H,H_191_CYS,H_220_CYS,,,,,,,,,,,,,,,,,,,,,,,,,,
2ZZU,H,H_191_CYS,H_220_CYS,,,,,,,,,,,,,,,,,,,,,,,,,,
3A2C,A_B_C_D_E_F_G_H_I_J_K_L,A_140_CYS,B_140_CYS,C_140_CYS,D_140_CYS,E_140_CYS,F_140_CYS,G_140_CYS,H_140_CYS,I_140_CYS,J_140_CYS,K_140_CYS,L_140_CYS,,,,,,,,,,,,,,,,
3ASX,A,A_289_CYS,,,,,,,,,,,,,,,,,,,,,,,,,,,
3B2R,A_B,A_677_CYS,B_677_CYS,,,,,,,,,,,,,,,,,,,,,,,,,,
3B8Q,A_B,A_1045_CYS,A_919_CYS,B_1045_CYS,B_919_CYS,,,,,,,,,,,,,,,,,,,,,,,,
3B8R,A_B,A_1045_CYS,A_919_CYS,B_1045_CYS,B_919_CYS,,,,,,,,,,,,,,,,,,,,,,,,
3BC5,A,A_285_CYS,,,,,,,,,,,,,,,,,,,,,,,,,,,
3BE2,A,A_1045_CYS,A_919_CYS,,,,,,,,,,,,,,,,,,,,,,,,,,
3BEA,A,A_666_CYS,,,,,,,,,,,,,,,,,,,,,,,,,,,
3BEL,A,A_775_CYS,,,,,,,,,,,,,,,,,,,,,,,,,,,
3BGL,A_B_C_D,A_561_CYS,B_561_CYS,C_561_CYS,D_561_CYS,,,,,,,,,,,,,,,,,,,,,,,,
3BI6,A,A_379_CYS,,,,,,,,,,,,,,,,,,,,,,,,,,,
3BIZ,A,A_379_CYS,,,,,,,,,,,,,,,,,,,,,,,,,,,
3BLR,A,A_106_CYS,,,,,,,,,,,,,,,,,,,,,,,,,,,
3BZ3,A,A_502_CYS,,,,,,,,,,,,,,,,,,,,,,,,,,,
3C45,A_B,A_551_CYS,B_551_CYS,,,,,,,,,,,,,,,,,,,,,,,,,,
3C4C,A_B,A_532_CYS,B_532_CYS,,,,,,,,,,,,,,,,,,,,,,,,,,
3C7Q,A,A_1045_CYS,A_919_CYS,,,,,,,,,,,,,,,,,,,,,,,,,,
3CD7,A_B_C_D,A_561_CYS,B_561_CYS,C_561_CYS,D_561_CYS,,,,,,,,,,,,,,,,,,,,,,,,
3CJF,A,A_917_CYS,,,,,,,,,,,,,,,,,,,,,,,,,,,
3CLD,A_B,A_643_CYS,A_736_CYS,B_643_CYS,B_736_CYS,,,,,,,,,,,,,,,,,,,,,,,,
3CLX,C,C_303_CYS,,,,,,,,,,,,,,,,,,,,,,,,,,,
3CM7,C_D,C_303_CYS,D_303_CYS,,,,,,,,,,,,,,,,,,,,,,,,,,
3CP9,A_B,A_1045_CYS,A_919_CYS,B_1045_CYS,B_919_CYS,,,,,,,,,,,,,,,,,,,,,,,,
3CS8,A,A_285_CYS,,,,,,,,,,,,,,,,,,,,,,,,,,,
3CUK,A_B_C_D,A_181_CYS,B_181_CYS,C_181_CYS,D_181_CYS,,,,,,,,,,,,,,,,,,,,,,,,
3CWD,A_B,A_285_CYS,B_285_CYS,,,,,,,,,,,,,,,,,,,,,,,,,,
3CWE,A,A_715_CYS,,,,,,,,,,,,,,,,,,,,,,,,,,,
3D4Q,A_B,A_532_CYS,B_532_CYS,,,,,,,,,,,,,,,,,,,,,,,,,,
3DDU,A,A_255_CYS,,,,,,,,,,,,,,,,,,,,,,,,,,,
3DHK,H,H_191_CYS,,,,,,,,,,,,,,,,,,,,,,,,,,,
3DN5,A,A_298_CYS,A_303_CYS,,,,,,,,,,,,,,,,,,,,,,,,,,
3DPK,A,A_666_CYS,A_667_CYS,,,,,,,,,,,,,,,,,,,,,,,,,,
3DTW,A_B,A_1045_CYS,A_919_CYS,B_1045_CYS,B_919_CYS,,,,,,,,,,,,,,,,,,,,,,,,
3DU8,A_B,A_199_CYS,B_199_CYS,,,,,,,,,,,,,,,,,,,,,,,,,,
3DY6,A_B,A_285_CYS,B_285_CYS,,,,,,,,,,,,,,,,,,,,,,,,,,
3DZ4,A,A_226_CYS,A_82_CYS,,,,,,,,,,,,,,,,,,,,,,,,,,
3DZ5,A,A_226_CYS,A_82_CYS,,,,,,,,,,,,,,,,,,,,,,,,,,
3DZ6,A_B,A_226_CYS,A_82_CYS,B_49_CYS,,,,,,,,,,,,,,,,,,,,,,,,,
3DZU,D,D_285_CYS,,,,,,,,,,,,,,,,,,,,,,,,,,,
3DZY,D,D_285_CYS,,,,,,,,,,,,,,,,,,,,,,,,,,,
3.00E+00,D,D_285_CYS,,,,,,,,,,,,,,,,,,,,,,,,,,,
3E7C,A_B,A_736_CYS,B_736_CYS,,,,,,,,,,,,,,,,,,,,,,,,,,
3E7G,A_B_C_D,A_200_CYS,B_200_CYS,C_200_CYS,D_200_CYS,,,,,,,,,,,,,,,,,,,,,,,,
3EAH,A_B,A_150_CYS,B_150_CYS,,,,,,,,,,,,,,,,,,,,,,,,,,
3EFL,A_B,A_1045_CYS,A_919_CYS,B_1045_CYS,B_919_CYS,,,,,,,,,,,,,,,,,,,,,,,,
3ENS,B_D,B_191_CYS,B_220_CYS,D_191_CYS,D_220_CYS,,,,,,,,,,,,,,,,,,,,,,,,
3EQM,A,A_437_CYS,,,,,,,,,,,,,,,,,,,,,,,,,,,
3EWH,A,A_1045_CYS,A_919_CYS,,,,,,,,,,,,,,,,,,,,,,,,,,
3F7Z,A_B,A_199_CYS,B_199_CYS,,,,,,,,,,,,,,,,,,,,,,,,,,
3F81,A_B,A_124_CYS,B_124_CYS,,,,,,,,,,,,,,,,,,,,,,,,,,
3F88,A_B,A_199_CYS,B_199_CYS,,,,,,,,,,,,,,,,,,,,,,,,,,
3FC2,A,A_133_CYS,A_67_CYS,,,,,,,,,,,,,,,,,,,,,,,,,,
3FEI,A,A_275_CYS,A_276_CYS,,,,,,,,,,,,,,,,,,,,,,,,,,
3FEJ,A,A_285_CYS,,,,,,,,,,,,,,,,,,,,,,,,,,,
3FHR,A,A_120_CYS,,,,,,,,,,,,,,,,,,,,,,,,,,,
3FPD,A_B,A_1155_CYS,A_1225_CYS,A_1227_CYS,B_1155_CYS,B_1225_CYS,B_1227_CYS,,,,,,,,,,,,,,,,,,,,,,
3FR2,A,A_117_CYS,,,,,,,,,,,,,,,,,,,,,,,,,,,
3FR4,A,A_117_CYS,,,,,,,,,,,,,,,,,,,,,,,,,,,
3FR5,A,A_117_CYS,,,,,,,,,,,,,,,,,,,,,,,,,,,
3FUR,A,A_285_CYS,,,,,,,,,,,,,,,,,,,,,,,,,,,
3FYJ,X,X_140_CYS,,,,,,,,,,,,,,,,,,,,,,,,,,,
3FYK,X,X_140_CYS,,,,,,,,,,,,,,,,,,,,,,,,,,,
3G3E,A_B_C_D,A_181_CYS,B_181_CYS,C_181_CYS,D_181_CYS,,,,,,,,,,,,,,,,,,,,,,,,
3G5E,A,A_298_CYS,A_303_CYS,A_80_CYS,,,,,,,,,,,,,,,,,,,,,,,,,
3G5K,A_B_C_D,A_114_CYS,A_50_CYS,B_114_CYS,B_50_CYS,C_114_CYS,C_50_CYS,D_114_CYS,D_50_CYS,,,,,,,,,,,,,,,,,,,,
3G8I,A,A_275_CYS,A_276_CYS,,,,,,,,,,,,,,,,,,,,,,,,,,
3G8O,A_B,A_891_CYS,B_891_CYS,,,,,,,,,,,,,,,,,,,,,,,,,,
3G9E,A,A_285_CYS,,,,,,,,,,,,,,,,,,,,,,,,,,,
3GCV,A,A_172_CYS,,,,,,,,,,,,,,,,,,,,,,,,,,,
3GEN,A,A_481_CYS,,,,,,,,,,,,,,,,,,,,,,,,,,,
3GFW,A,A_604_CYS,,,,,,,,,,,,,,,,,,,,,,,,,,,
3GHR,A,A_298_CYS,A_303_CYS,,,,,,,,,,,,,,,,,,,,,,,,,,
3GHS,A,A_298_CYS,A_303_CYS,,,,,,,,,,,,,,,,,,,,,,,,,,
3GHT,A,A_298_CYS,A_303_CYS,,,,,,,,,,,,,,,,,,,,,,,,,,
3GHU,A,A_298_CYS,,,,,,,,,,,,,,,,,,,,,,,,,,,
3GOK,A_B_C_D_E_F_G_H_I_J_K_L,A_140_CYS,B_140_CYS,C_140_CYS,D_140_CYS,E_140_CYS,F_140_CYS,G_140_CYS,H_140_CYS,I_140_CYS,J_140_CYS,K_140_CYS,L_140_CYS,,,,,,,,,,,,,,,,
3GZ9,A,A_285_CYS,,,,,,,,,,,,,,,,,,,,,,,,,,,
3H0A,D,D_285_CYS,,,,,,,,,,,,,,,,,,,,,,,,,,,
3H0E,A_B,A_163_CYS,B_163_CYS,,,,,,,,,,,,,,,,,,,,,,,,,,
3H0W,A,A_226_CYS,A_82_CYS,,,,,,,,,,,,,,,,,,,,,,,,,,
3H52,B_C_D,B_643_CYS,B_736_CYS,C_736_CYS,D_736_CYS,,,,,,,,,,,,,,,,,,,,,,,,
3H9F,A,A_604_CYS,,,,,,,,,,,,,,,,,,,,,,,,,,,
3H9K,A_B_D,A_195_CYS,B_195_CYS,D_195_CYS,,,,,,,,,,,,,,,,,,,,,,,,,
3H9R,A,A_213_CYS,,,,,,,,,,,,,,,,,,,,,,,,,,,
3HB4,X,X_185_CYS,,,,,,,,,,,,,,,,,,,,,,,,,,,
3HB5,X,X_10_CYS,X_185_CYS,,,,,,,,,,,,,,,,,,,,,,,,,,
3HFB,A,A_364_CYS,,,,,,,,,,,,,,,,,,,,,,,,,,,
3HHA,A_B_C_D,A_25_CYS,B_25_CYS,C_25_CYS,D_25_CYS,,,,,,,,,,,,,,,,,,,,,,,,
3HNA,A_B,A_1225_CYS,A_1227_CYS,B_1225_CYS,B_1227_CYS,,,,,,,,,,,,,,,,,,,,,,,,
3HNG,A,A_1039_CYS,A_912_CYS,,,,,,,,,,,,,,,,,,,,,,,,,,
3HPT,B_D,B_191_CYS,B_220_CYS,D_191_CYS,D_220_CYS,,,,,,,,,,,,,,,,,,,,,,,,
3HQ5,A_B,A_891_CYS,B_891_CYS,,,,,,,,,,,,,,,,,,,,,,,,,,
3HWN,A_B_C_D,A_25_CYS,B_25_CYS,C_25_CYS,D_25_CYS,,,,,,,,,,,,,,,,,,,,,,,,
3IA6,A_B,A_285_CYS,B_285_CYS,,,,,,,,,,,,,,,,,,,,,,,,,,
3IEJ,A,A_66_CYS,,,,,,,,,,,,,,,,,,,,,,,,,,,
3IG6,B_D,B_191_CYS,B_220_CYS,B_42_CYS,D_191_CYS,D_220_CYS,,,,,,,,,,,,,,,,,,,,,,,
3IIT,A,A_191_CYS,A_220_CYS,,,,,,,,,,,,,,,,,,,,,,,,,,
3IKA,A,A_797_CYS,,,,,,,,,,,,,,,,,,,,,,,,,,,
3IKD,A_B,A_113_CYS,B_113_CYS,,,,,,,,,,,,,,,,,,,,,,,,,,
3IPY,A_B,A_146_CYS,B_146_CYS,,,,,,,,,,,,,,,,,,,,,,,,,,
3IWE,A_B,A_249_CYS,B_249_CYS,,,,,,,,,,,,,,,,,,,,,,,,,,
3JUS,A_B,A_449_CYS,B_449_CYS,,,,,,,,,,,,,,,,,,,,,,,,,,
3JWE,A_B,A_252_CYS,B_252_CYS,,,,,,,,,,,,,,,,,,,,,,,,,,
3K22,A_B,A_736_CYS,B_736_CYS,,,,,,,,,,,,,,,,,,,,,,,,,,
3K23,A_B_C,A_736_CYS,B_736_CYS,C_736_CYS,,,,,,,,,,,,,,,,,,,,,,,,,
3K5K,A_B,A_1098_CYS,A_1168_CYS,B_1098_CYS,B_1168_CYS,,,,,,,,,,,,,,,,,,,,,,,,
3K9X,B_D,B_191_CYS,B_220_CYS,D_191_CYS,D_220_CYS,,,,,,,,,,,,,,,,,,,,,,,,
3KAF,A,A_113_CYS,,,,,,,,,,,,,,,,,,,,,,,,,,,
3KAH,A,A_113_CYS,,,,,,,,,,,,,,,,,,,,,,,,,,,
3KB7,A,A_133_CYS,A_67_CYS,,,,,,,,,,,,,,,,,,,,,,,,,,
3KBA,A_B,A_891_CYS,B_891_CYS,,,,,,,,,,,,,,,,,,,,,,,,,,
3KC3,A_B_C_D_E_F_H_L,A_140_CYS,B_140_CYS,C_140_CYS,D_140_CYS,E_140_CYS,F_140_CYS,H_140_CYS,L_140_CYS,,,,,,,,,,,,,,,,,,,,
3KDT,A_B,A_275_CYS,A_276_CYS,B_275_CYS,B_276_CYS,,,,,,,,,,,,,,,,,,,,,,,,
3KDU,A_B,A_275_CYS,A_276_CYS,B_275_CYS,B_276_CYS,,,,,,,,,,,,,,,,,,,,,,,,
3KGA,A,A_140_CYS,,,,,,,,,,,,,,,,,,,,,,,,,,,
3KL6,A,A_191_CYS,A_220_CYS,,,,,,,,,,,,,,,,,,,,,,,,,,
3KMG,A_D,A_285_CYS,D_285_CYS,,,,,,,,,,,,,,,,,,,,,,,,,,
3KMR,A,A_235_CYS,,,,,,,,,,,,,,,,,,,,,,,,,,,
3KRJ,A,A_666_CYS,A_667_CYS,,,,,,,,,,,,,,,,,,,,,,,,,,
3KRL,A,A_666_CYS,A_667_CYS,,,,,,,,,,,,,,,,,,,,,,,,,,
3KWB,X_Y,X_1025_CYS,Y_2025_CYS,,,,,,,,,,,,,,,,,,,,,,,,,,
3KWZ,A,A_25_CYS,,,,,,,,,,,,,,,,,,,,,,,,,,,
3KXO,A_B,A_156_CYS,B_156_CYS,,,,,,,,,,,,,,,,,,,,,,,,,,
3KYR,A,A_359_CYS,,,,,,,,,,,,,,,,,,,,,,,,,,,
3LBO,A,A_113_CYS,A_298_CYS,A_303_CYS,,,,,,,,,,,,,,,,,,,,,,,,,
3LCD,A,A_666_CYS,A_667_CYS,,,,,,,,,,,,,,,,,,,,,,,,,,
3LCO,A,A_666_CYS,,,,,,,,,,,,,,,,,,,,,,,,,,,
3LD5,A,A_298_CYS,A_303_CYS,,,,,,,,,,,,,,,,,,,,,,,,,,
3LEN,A,A_298_CYS,A_303_CYS,,,,,,,,,,,,,,,,,,,,,,,,,,
3LEP,A,A_113_CYS,A_298_CYS,A_303_CYS,,,,,,,,,,,,,,,,,,,,,,,,,
3LMP,A,A_285_CYS,,,,,,,,,,,,,,,,,,,,,,,,,,,
3LQ5,A,A_106_CYS,,,,,,,,,,,,,,,,,,,,,,,,,,,
3LQG,A,A_298_CYS,A_303_CYS,,,,,,,,,,,,,,,,,,,,,,,,,,
3LQL,A,A_299_CYS,A_304_CYS,,,,,,,,,,,,,,,,,,,,,,,,,,
3LXK,A,A_909_CYS,,,,,,,,,,,,,,,,,,,,,,,,,,,
3LZ3,A,A_298_CYS,A_303_CYS,,,,,,,,,,,,,,,,,,,,,,,,,,
3LZ5,A,A_298_CYS,A_303_CYS,,,,,,,,,,,,,,,,,,,,,,,,,,
3LZB,A_B_C_D,A_751_CYS,A_773_CYS,B_751_CYS,B_773_CYS,C_751_CYS,C_773_CYS,D_751_CYS,D_773_CYS,,,,,,,,,,,,,,,,,,,,
3M0I,A,A_298_CYS,A_303_CYS,,,,,,,,,,,,,,,,,,,,,,,,,,
3M1S,A_B,A_199_CYS,B_199_CYS,,,,,,,,,,,,,,,,,,,,,,,,,,
3M2W,A,A_140_CYS,,,,,,,,,,,,,,,,,,,,,,,,,,,
3M36,A,A_191_CYS,A_220_CYS,,,,,,,,,,,,,,,,,,,,,,,,,,
3M42,A,A_140_CYS,,,,,,,,,,,,,,,,,,,,,,,,,,,
3M4H,A,A_298_CYS,A_303_CYS,,,,,,,,,,,,,,,,,,,,,,,,,,
3M64,A,A_298_CYS,A_303_CYS,,,,,,,,,,,,,,,,,,,,,,,,,,
3MAX,A_B_C,A_156_CYS,B_156_CYS,C_156_CYS,,,,,,,,,,,,,,,,,,,,,,,,,
3MB9,A,A_298_CYS,A_303_CYS,A_80_CYS,,,,,,,,,,,,,,,,,,,,,,,,,
3MBL,A,A_207_CYS,,,,,,,,,,,,,,,,,,,,,,,,,,,
3MC5,A,A_298_CYS,A_303_CYS,,,,,,,,,,,,,,,,,,,,,,,,,,
3MJ2,A,A_442_CYS,,,,,,,,,,,,,,,,,,,,,,,,,,,
3MO0,A_B,A_1155_CYS,A_1225_CYS,B_1225_CYS,B_1227_CYS,,,,,,,,,,,,,,,,,,,,,,,,
3MO2,B_C_D,B_1155_CYS,C_1225_CYS,C_1227_CYS,D_1225_CYS,D_1227_CYS,,,,,,,,,,,,,,,,,,,,,,,
3MO5,C_D,C_1155_CYS,C_1225_CYS,C_1227_CYS,D_1155_CYS,D_1225_CYS,D_1227_CYS,,,,,,,,,,,,,,,,,,,,,,
3N3G,A_B,A_25_CYS,B_25_CYS,,,,,,,,,,,,,,,,,,,,,,,,,,
3N4C,A_B,A_25_CYS,B_25_CYS,,,,,,,,,,,,,,,,,,,,,,,,,,
3NC9,A_B,A_282_CYS,A_289_CYS,B_289_CYS,,,,,,,,,,,,,,,,,,,,,,,,,
3NJ4,A_B_C_D,A_278_CYS,B_195_CYS,B_278_CYS,C_278_CYS,D_195_CYS,D_278_CYS,,,,,,,,,,,,,,,,,,,,,,
3NLB,A,A_87_CYS,,,,,,,,,,,,,,,,,,,,,,,,,,,
3NW7,A,A_1111_CYS,,,,,,,,,,,,,,,,,,,,,,,,,,,
3NXU,A_B,A_442_CYS,B_442_CYS,,,,,,,,,,,,,,,,,,,,,,,,,,
3O0G,B,B_83_CYS,,,,,,,,,,,,,,,,,,,,,,,,,,,
3O0U,A,A_25_CYS,,,,,,,,,,,,,,,,,,,,,,,,,,,
3O1G,A,A_25_CYS,A_63_CYS,,,,,,,,,,,,,,,,,,,,,,,,,,
3O56,A,A_432_CYS,,,,,,,,,,,,,,,,,,,,,,,,,,,
3O96,A,A_296_CYS,,,,,,,,,,,,,,,,,,,,,,,,,,,
3ODU,A_B,A_186_CYS,B_186_CYS,,,,,,,,,,,,,,,,,,,,,,,,,,
3OE6,A,A_186_CYS,,,,,,,,,,,,,,,,,,,,,,,,,,,
3OE8,A_B_C,A_186_CYS,B_186_CYS,C_186_CYS,,,,,,,,,,,,,,,,,,,,,,,,,
3OE9,A_B,A_186_CYS,B_186_CYS,,,,,,,,,,,,,,,,,,,,,,,,,,
3OG7,A,A_532_CYS,,,,,,,,,,,,,,,,,,,,,,,,,,,
3ONB,A,A_298_CYS,,,,,,,,,,,,,,,,,,,,,,,,,,,
3ONC,A,A_298_CYS,A_303_CYS,,,,,,,,,,,,,,,,,,,,,,,,,,
3OSW,A,A_285_CYS,,,,,,,,,,,,,,,,,,,,,,,,,,,
3OT3,A,A_87_CYS,,,,,,,,,,,,,,,,,,,,,,,,,,,
3OT8,A,A_87_CYS,,,,,,,,,,,,,,,,,,,,,,,,,,,
3OVX,A_B,A_25_CYS,B_25_CYS,,,,,,,,,,,,,,,,,,,,,,,,,,
3OVZ,A,A_22_CYS,A_25_CYS,,,,,,,,,,,,,,,,,,,,,,,,,,
3OX2,A,A_121_CYS,,,,,,,,,,,,,,,,,,,,,,,,,,,
3OZ1,A_B_C_D,A_309_CYS,B_309_CYS,C_309_CYS,D_309_CYS,,,,,,,,,,,,,,,,,,,,,,,,
3PA3,A,A_87_CYS,,,,,,,,,,,,,,,,,,,,,,,,,,,
3PA4,A,A_87_CYS,,,,,,,,,,,,,,,,,,,,,,,,,,,
3PA5,A,A_87_CYS,,,,,,,,,,,,,,,,,,,,,,,,,,,
3PEQ,A_B,A_285_CYS,B_285_CYS,,,,,,,,,,,,,,,,,,,,,,,,,,
3PIY,A,A_481_CYS,,,,,,,,,,,,,,,,,,,,,,,,,,,
3PJC,A,A_909_CYS,,,,,,,,,,,,,,,,,,,,,,,,,,,
3PM0,A,A_470_CYS,,,,,,,,,,,,,,,,,,,,,,,,,,,
3PMH,B,B_191_CYS,B_220_CYS,,,,,,,,,,,,,,,,,,,,,,,,,,
3POZ,A,A_775_CYS,,,,,,,,,,,,,,,,,,,,,,,,,,,
3PPJ,A_B,A_532_CYS,B_532_CYS,,,,,,,,,,,,,,,,,,,,,,,,,,
3PPK,A_B,A_532_CYS,B_532_CYS,,,,,,,,,,,,,,,,,,,,,,,,,,
3PRF,A_B,A_532_CYS,B_532_CYS,,,,,,,,,,,,,,,,,,,,,,,,,,
3PSB,A_B,A_532_CYS,B_532_CYS,,,,,,,,,,,,,,,,,,,,,,,,,,
3PTA,A,A_1191_CYS,,,,,,,,,,,,,,,,,,,,,,,,,,,
3PUP,A,A_199_CYS,,,,,,,,,,,,,,,,,,,,,,,,,,,
3PYY,A_B,A_483_CYS,B_483_CYS,,,,,,,,,,,,,,,,,,,,,,,,,,
3Q3B,A_B,A_199_CYS,B_199_CYS,,,,,,,,,,,,,,,,,,,,,,,,,,
3Q3K,A,A_191_CYS,A_220_CYS,,,,,,,,,,,,,,,,,,,,,,,,,,
3Q4C,A,A_531_CYS,,,,,,,,,,,,,,,,,,,,,,,,,,,
3Q77,A,A_191_CYS,,,,,,,,,,,,,,,,,,,,,,,,,,,
3Q92,A_B,A_282_CYS,B_282_CYS,B_289_CYS,,,,,,,,,,,,,,,,,,,,,,,,,
3Q96,A_B,A_532_CYS,B_532_CYS,,,,,,,,,,,,,,,,,,,,,,,,,,
3QAI,A_B,A_282_CYS,B_282_CYS,B_289_CYS,,,,,,,,,,,,,,,,,,,,,,,,,
3QJ5,A_B,A_173_CYS,A_267_CYS,A_44_CYS,B_173_CYS,B_267_CYS,B_44_CYS,,,,,,,,,,,,,,,,,,,,,,
3R2B,A_B,A_140_CYS,B_140_CYS,,,,,,,,,,,,,,,,,,,,,,,,,,
3R2Y,A,A_140_CYS,,,,,,,,,,,,,,,,,,,,,,,,,,,
3RIB,A_B,A_181_CYS,B_181_CYS,,,,,,,,,,,,,,,,,,,,,,,,,,
3RJW,A_B,A_1168_CYS,A_1170_CYS,B_1168_CYS,B_1170_CYS,,,,,,,,,,,,,,,,,,,,,,,,
3RUK,A_B_C_D,A_442_CYS,B_442_CYS,C_442_CYS,D_442_CYS,,,,,,,,,,,,,,,,,,,,,,,,
3RX3,A,A_298_CYS,,,,,,,,,,,,,,,,,,,,,,,,,,,
3S5Y,A_B,A_142_CYS,A_174_CYS,B_142_CYS,B_174_CYS,,,,,,,,,,,,,,,,,,,,,,,,
3S79,A,A_437_CYS,,,,,,,,,,,,,,,,,,,,,,,,,,,
3S7B,A,A_181_CYS,,,,,,,,,,,,,,,,,,,,,,,,,,,
3S7D,A,A_181_CYS,,,,,,,,,,,,,,,,,,,,,,,,,,,
3S7S,A,A_437_CYS,,,,,,,,,,,,,,,,,,,,,,,,,,,
3SD0,A_B,A_199_CYS,B_199_CYS,,,,,,,,,,,,,,,,,,,,,,,,,,
3SFF,A,A_153_CYS,,,,,,,,,,,,,,,,,,,,,,,,,,,
3SFH,A,A_153_CYS,,,,,,,,,,,,,,,,,,,,,,,,,,,
3SKC,A_B,A_532_CYS,B_532_CYS,,,,,,,,,,,,,,,,,,,,,,,,,,
3SL6,B_C,B_358_CYS,C_358_CYS,,,,,,,,,,,,,,,,,,,,,,,,,,
3SLS,A_B,A_207_CYS,B_207_CYS,,,,,,,,,,,,,,,,,,,,,,,,,,
3SW2,B,B_220_CYS,,,,,,,,,,,,,,,,,,,,,,,,,,,
3SW9,A_B,A_1225_CYS,A_1227_CYS,B_1225_CYS,B_1227_CYS,,,,,,,,,,,,,,,,,,,,,,,,
3SWC,A_B,A_1225_CYS,B_1225_CYS,B_1227_CYS,,,,,,,,,,,,,,,,,,,,,,,,,
3SWZ,A_B_C_D,A_442_CYS,B_442_CYS,C_442_CYS,D_442_CYS,,,,,,,,,,,,,,,,,,,,,,,,
3T9T,A,A_442_CYS,,,,,,,,,,,,,,,,,,,,,,,,,,,
3TG5,A,A_181_CYS,,,,,,,,,,,,,,,,,,,,,,,,,,,
3THB,A,A_133_CYS,A_67_CYS,,,,,,,,,,,,,,,,,,,,,,,,,,
3TK5,A,A_191_CYS,A_220_CYS,,,,,,,,,,,,,,,,,,,,,,,,,,
3TK6,A,A_191_CYS,A_220_CYS,,,,,,,,,,,,,,,,,,,,,,,,,,
3TKH,A,A_87_CYS,,,,,,,,,,,,,,,,,,,,,,,,,,,
3TKI,A,A_87_CYS,,,,,,,,,,,,,,,,,,,,,,,,,,,
3TKM,A,A_249_CYS,,,,,,,,,,,,,,,,,,,,,,,,,,,
3TN8,A,A_106_CYS,,,,,,,,,,,,,,,,,,,,,,,,,,,
3TNH,A,A_106_CYS,,,,,,,,,,,,,,,,,,,,,,,,,,,
3TU7,H,H_191_CYS,,,,,,,,,,,,,,,,,,,,,,,,,,,
3TV4,A_B,A_532_CYS,B_532_CYS,,,,,,,,,,,,,,,,,,,,,,,,,,
3TV6,A_B,A_532_CYS,B_532_CYS,,,,,,,,,,,,,,,,,,,,,,,,,,
3TV8,A_B,A_142_CYS,A_174_CYS,B_142_CYS,,,,,,,,,,,,,,,,,,,,,,,,,
3TY0,A_B,A_285_CYS,B_785_CYS,,,,,,,,,,,,,,,,,,,,,,,,,,
3U2C,A,A_298_CYS,,,,,,,,,,,,,,,,,,,,,,,,,,,
3U6J,A,A_1045_CYS,A_919_CYS,,,,,,,,,,,,,,,,,,,,,,,,,,
3U8D,A_B,A_28_CYS,A_44_CYS,B_28_CYS,B_44_CYS,,,,,,,,,,,,,,,,,,,,,,,,
3U8H,A_B,A_28_CYS,A_44_CYS,B_28_CYS,B_44_CYS,,,,,,,,,,,,,,,,,,,,,,,,
3U9N,A,A_87_CYS,,,,,,,,,,,,,,,,,,,,,,,,,,,
3ULA,A_B_C_D,A_264_CYS,B_133_CYS,C_264_CYS,D_133_CYS,,,,,,,,,,,,,,,,,,,,,,,,
3V36,A,A_298_CYS,,,,,,,,,,,,,,,,,,,,,,,,,,,
3V5L,A_B_C_D,A_442_CYS,B_442_CYS,C_442_CYS,D_442_CYS,,,,,,,,,,,,,,,,,,,,,,,,
3V66,A,A_289_CYS,,,,,,,,,,,,,,,,,,,,,,,,,,,
3V6R,A_B,A_154_CYS,B_154_CYS,,,,,,,,,,,,,,,,,,,,,,,,,,
3V6S,A_B,A_154_CYS,B_154_CYS,,,,,,,,,,,,,,,,,,,,,,,,,,
3V9B,A_B_C_D,A_358_CYS,B_358_CYS,C_358_CYS,D_358_CYS,,,,,,,,,,,,,,,,,,,,,,,,
3VHE,A,A_1045_CYS,A_919_CYS,,,,,,,,,,,,,,,,,,,,,,,,,,
3VHU,A,A_849_CYS,A_942_CYS,,,,,,,,,,,,,,,,,,,,,,,,,,
3VHV,A,A_849_CYS,A_942_CYS,,,,,,,,,,,,,,,,,,,,,,,,,,
3VI7,A_B,A_156_CYS,B_356_CYS,,,,,,,,,,,,,,,,,,,,,,,,,,
3VJS,A,A_284_CYS,,,,,,,,,,,,,,,,,,,,,,,,,,,
3VNT,A,A_1024_CYS,A_1045_CYS,A_919_CYS,,,,,,,,,,,,,,,,,,,,,,,,,
3VO3,A,A_1045_CYS,A_919_CYS,,,,,,,,,,,,,,,,,,,,,,,,,,
3VQU,A,A_604_CYS,,,,,,,,,,,,,,,,,,,,,,,,,,,
3VVH,A_B_C,A_207_CYS,B_207_CYS,C_207_CYS,,,,,,,,,,,,,,,,,,,,,,,,,
3VW9,A_B,A_60_CYS,B_60_CYS,,,,,,,,,,,,,,,,,,,,,,,,,,
3W1F,A,A_604_CYS,,,,,,,,,,,,,,,,,,,,,,,,,,,
3W2Q,A,A_797_CYS,,,,,,,,,,,,,,,,,,,,,,,,,,,
3W2R,A,A_775_CYS,,,,,,,,,,,,,,,,,,,,,,,,,,,
3W32,A,A_775_CYS,,,,,,,,,,,,,,,,,,,,,,,,,,,
3W33,A,A_775_CYS,A_797_CYS,,,,,,,,,,,,,,,,,,,,,,,,,,
3W4J,A_B_C_D,A_181_CYS,B_181_CYS,C_181_CYS,D_181_CYS,,,,,,,,,,,,,,,,,,,,,,,,
3W4K,A_B_C_D,A_181_CYS,B_181_CYS,C_181_CYS,D_181_CYS,,,,,,,,,,,,,,,,,,,,,,,,
3WCF,A_B_C_E,A_289_CYS,B_289_CYS,C_289_CYS,E_289_CYS,,,,,,,,,,,,,,,,,,,,,,,,
3WCH,A_B_D_E_F,A_289_CYS,B_289_CYS,D_289_CYS,E_289_CYS,F_289_CYS,,,,,,,,,,,,,,,,,,,,,,,
3WCI,A_B_C_D_E_F,A_289_CYS,B_289_CYS,C_289_CYS,D_289_CYS,E_289_CYS,F_289_CYS,,,,,,,,,,,,,,,,,,,,,,
3WCJ,A_B_C_D_E_F,A_289_CYS,B_289_CYS,C_289_CYS,D_289_CYS,E_289_CYS,F_289_CYS,,,,,,,,,,,,,,,,,,,,,,
3WCL,A,A_289_CYS,,,,,,,,,,,,,,,,,,,,,,,,,,,
3WCM,A_B_C_D_E,A_289_CYS,B_289_CYS,C_289_CYS,D_289_CYS,E_289_CYS,,,,,,,,,,,,,,,,,,,,,,,
3WEZ,A_B_C_D,A_127_CYS,B_127_CYS,C_127_CYS,D_127_CYS,,,,,,,,,,,,,,,,,,,,,,,,
3WF8,A,A_240_CYS,,,,,,,,,,,,,,,,,,,,,,,,,,,
3WF9,A,A_240_CYS,,,,,,,,,,,,,,,,,,,,,,,,,,,
3WFF,A,A_849_CYS,A_942_CYS,,,,,,,,,,,,,,,,,,,,,,,,,,
3WFG,A,A_849_CYS,A_942_CYS,,,,,,,,,,,,,,,,,,,,,,,,,,
3WZD,A,A_1045_CYS,A_919_CYS,,,,,,,,,,,,,,,,,,,,,,,,,,
3WZE,A,A_1045_CYS,A_919_CYS,,,,,,,,,,,,,,,,,,,,,,,,,,
3WZJ,A,A_604_CYS,,,,,,,,,,,,,,,,,,,,,,,,,,,
3WZK,A,A_604_CYS,,,,,,,,,,,,,,,,,,,,,,,,,,,
3ZC6,A_B_C_D,A_909_CYS,B_909_CYS,C_909_CYS,D_909_CYS,,,,,,,,,,,,,,,,,,,,,,,,
3ZEP,A_B_C_D,A_909_CYS,B_909_CYS,C_909_CYS,D_909_CYS,,,,,,,,,,,,,,,,,,,,,,,,
3ZIM,A,A_862_CYS,,,,,,,,,,,,,,,,,,,,,,,,,,,
3ZNN,A_B,A_181_CYS,B_181_CYS,,,,,,,,,,,,,,,,,,,,,,,,,,
3ZNO,A_B,A_181_CYS,B_181_CYS,,,,,,,,,,,,,,,,,,,,,,,,,,
3ZNP,A_B,A_181_CYS,B_181_CYS,,,,,,,,,,,,,,,,,,,,,,,,,,
3ZNR,A,A_680_CYS,,,,,,,,,,,,,,,,,,,,,,,,,,,
3ZRK,A,A_199_CYS,,,,,,,,,,,,,,,,,,,,,,,,,,,
3ZYU,A,A_136_CYS,,,,,,,,,,,,,,,,,,,,,,,,,,,
4A4L,A,A_133_CYS,A_67_CYS,,,,,,,,,,,,,,,,,,,,,,,,,,
4A4O,A,A_133_CYS,A_67_CYS,,,,,,,,,,,,,,,,,,,,,,,,,,
4A4X,A,A_22_CYS,A_89_CYS,,,,,,,,,,,,,,,,,,,,,,,,,,
4A9M,B_C,B_152_CYS,C_152_CYS,,,,,,,,,,,,,,,,,,,,,,,,,,
4ACC,A_B,A_199_CYS,B_199_CYS,,,,,,,,,,,,,,,,,,,,,,,,,,
4ACD,A_B,A_199_CYS,B_199_CYS,,,,,,,,,,,,,,,,,,,,,,,,,,
4AFE,A,A_22_CYS,A_89_CYS,,,,,,,,,,,,,,,,,,,,,,,,,,
4AFJ,A_B,A_199_CYS,B_199_CYS,,,,,,,,,,,,,,,,,,,,,,,,,,
4AGD,A,A_1045_CYS,A_919_CYS,,,,,,,,,,,,,,,,,,,,,,,,,,
4AKN,A_B,A_152_CYS,B_152_CYS,,,,,,,,,,,,,,,,,,,,,,,,,,
4ALG,A,A_106_CYS,,,,,,,,,,,,,,,,,,,,,,,,,,,
4AOJ,A_B_C,A_656_CYS,B_656_CYS,C_656_CYS,,,,,,,,,,,,,,,,,,,,,,,,,
4APU,A_B,A_891_CYS,B_891_CYS,,,,,,,,,,,,,,,,,,,,,,,,,,
4ARK,A,A_207_CYS,,,,,,,,,,,,,,,,,,,,,,,,,,,
4ASD,A,A_1045_CYS,A_919_CYS,,,,,,,,,,,,,,,,,,,,,,,,,,
4AU8,A_B,A_83_CYS,B_83_CYS,,,,,,,,,,,,,,,,,,,,,,,,,,
4AZ0,A_B,A_60_CYS,B_334_CYS,,,,,,,,,,,,,,,,,,,,,,,,,,
4AZ3,A_B,A_60_CYS,B_334_CYS,,,,,,,,,,,,,,,,,,,,,,,,,,
4B1J,A,A_872_CYS,,,,,,,,,,,,,,,,,,,,,,,,,,,
4BAH,B,B_231_CYS,B_261_CYS,,,,,,,,,,,,,,,,,,,,,,,,,,
4BCG,A,A_106_CYS,,,,,,,,,,,,,,,,,,,,,,,,,,,
4BJX,A,A_136_CYS,,,,,,,,,,,,,,,,,,,,,,,,,,,
4BKY,A,A_70_CYS,A_89_CYS,,,,,,,,,,,,,,,,,,,,,,,,,,
4BKZ,A,A_70_CYS,A_89_CYS,,,,,,,,,,,,,,,,,,,,,,,,,,
4BTI,B_F,B_191_CYS,B_220_CYS,F_191_CYS,F_220_CYS,,,,,,,,,,,,,,,,,,,,,,,,
4BTT,B_F,B_191_CYS,F_191_CYS,,,,,,,,,,,,,,,,,,,,,,,,,,
4BTU,B_F,B_191_CYS,B_220_CYS,F_191_CYS,F_220_CYS,,,,,,,,,,,,,,,,,,,,,,,,
4BW3,A,A_136_CYS,,,,,,,,,,,,,,,,,,,,,,,,,,,
4BW4,A,A_136_CYS,,,,,,,,,,,,,,,,,,,,,,,,,,,
4C2Z,A_B,A_249_CYS,B_249_CYS,,,,,,,,,,,,,,,,,,,,,,,,,,
4C4E,A,A_604_CYS,,,,,,,,,,,,,,,,,,,,,,,,,,,
4C4F,A,A_604_CYS,,,,,,,,,,,,,,,,,,,,,,,,,,,
4C4G,A,A_604_CYS,,,,,,,,,,,,,,,,,,,,,,,,,,,
4C4H,A,A_604_CYS,,,,,,,,,,,,,,,,,,,,,,,,,,,
4C4I,A,A_604_CYS,,,,,,,,,,,,,,,,,,,,,,,,,,,
4C4J,A,A_604_CYS,,,,,,,,,,,,,,,,,,,,,,,,,,,
4CNH,B,B_1255_CYS,,,,,,,,,,,,,,,,,,,,,,,,,,,
4CRF,A,A_191_CYS,A_219_CYS,A_40_CYS,,,,,,,,,,,,,,,,,,,,,,,,,
4CSJ,A,A_622_CYS,A_643_CYS,A_736_CYS,,,,,,,,,,,,,,,,,,,,,,,,,
4D2S,A,A_604_CYS,,,,,,,,,,,,,,,,,,,,,,,,,,,
4D78,A,A_442_CYS,,,,,,,,,,,,,,,,,,,,,,,,,,,
4D7D,A,A_442_CYS,,,,,,,,,,,,,,,,,,,,,,,,,,,
4DBN,A_B,A_531_CYS,B_531_CYS,,,,,,,,,,,,,,,,,,,,,,,,,,
4DMX,A,A_25_CYS,,,,,,,,,,,,,,,,,,,,,,,,,,,
4DMY,A_B,A_25_CYS,B_25_CYS,,,,,,,,,,,,,,,,,,,,,,,,,,
4.00E+26,A_B,A_532_CYS,B_532_CYS,,,,,,,,,,,,,,,,,,,,,,,,,,
4E4X,A_B,A_532_CYS,B_532_CYS,,,,,,,,,,,,,,,,,,,,,,,,,,
4.00E+96,A,A_136_CYS,,,,,,,,,,,,,,,,,,,,,,,,,,,
4EA3,A_B,A_200_CYS,B_200_CYS,,,,,,,,,,,,,,,,,,,,,,,,,,
4EB9,A_B_C_D,A_309_CYS,B_309_CYS,C_309_CYS,D_309_CYS,,,,,,,,,,,,,,,,,,,,,,,,
4EBV,A,A_611_CYS,,,,,,,,,,,,,,,,,,,,,,,,,,,
4EBW,A,A_611_CYS,,,,,,,,,,,,,,,,,,,,,,,,,,,
4EHE,A_B,A_532_CYS,B_532_CYS,,,,,,,,,,,,,,,,,,,,,,,,,,
4EHG,A_B,A_532_CYS,B_532_CYS,,,,,,,,,,,,,,,,,,,,,,,,,,
4EMA,A,A_285_CYS,,,,,,,,,,,,,,,,,,,,,,,,,,,
4EWS,A,A_13_CYS,A_325_CYS,,,,,,,,,,,,,,,,,,,,,,,,,,
4FC0,A_B,A_531_CYS,B_531_CYS,,,,,,,,,,,,,,,,,,,,,,,,,,
4FDH,A_B_C_D_E_F_G_H_I_J_K_L,A_450_CYS,B_450_CYS,C_450_CYS,D_450_CYS,E_450_CYS,F_450_CYS,G_450_CYS,H_450_CYS,I_450_CYS,J_450_CYS,K_450_CYS,L_450_CYS,,,,,,,,,,,,,,,,
4FHH,A,A_316_CYS,,,,,,,,,,,,,,,,,,,,,,,,,,,
4FHI,A,A_316_CYS,,,,,,,,,,,,,,,,,,,,,,,,,,,
4FL6,A_B,A_389_CYS,B_389_CYS,,,,,,,,,,,,,,,,,,,,,,,,,,
4FMU,A,A_1678_CYS,A_1680_CYS,,,,,,,,,,,,,,,,,,,,,,,,,,
4FSN,A,A_87_CYS,,,,,,,,,,,,,,,,,,,,,,,,,,,
4FSR,A,A_87_CYS,,,,,,,,,,,,,,,,,,,,,,,,,,,
4FST,A,A_87_CYS,,,,,,,,,,,,,,,,,,,,,,,,,,,
4FSZ,A,A_87_CYS,,,,,,,,,,,,,,,,,,,,,,,,,,,
4FT0,A,A_87_CYS,,,,,,,,,,,,,,,,,,,,,,,,,,,
4FT5,A,A_87_CYS,,,,,,,,,,,,,,,,,,,,,,,,,,,
4FT7,A,A_87_CYS,,,,,,,,,,,,,,,,,,,,,,,,,,,
4FT9,A,A_87_CYS,,,,,,,,,,,,,,,,,,,,,,,,,,,
4FTA,A,A_87_CYS,,,,,,,,,,,,,,,,,,,,,,,,,,,
4FTO,A,A_87_CYS,,,,,,,,,,,,,,,,,,,,,,,,,,,
4FTR,A,A_87_CYS,,,,,,,,,,,,,,,,,,,,,,,,,,,
4FTT,A,A_87_CYS,,,,,,,,,,,,,,,,,,,,,,,,,,,
4FTU,A,A_87_CYS,,,,,,,,,,,,,,,,,,,,,,,,,,,
4G31,A,A_890_CYS,,,,,,,,,,,,,,,,,,,,,,,,,,,
4G34,A,A_890_CYS,,,,,,,,,,,,,,,,,,,,,,,,,,,
4G5J,A,A_797_CYS,,,,,,,,,,,,,,,,,,,,,,,,,,,
4G9C,A_B,A_532_CYS,B_532_CYS,,,,,,,,,,,,,,,,,,,,,,,,,,
4G9R,A_B,A_532_CYS,B_532_CYS,,,,,,,,,,,,,,,,,,,,,,,,,,
4GE2,A,A_515_CYS,,,,,,,,,,,,,,,,,,,,,,,,,,,
4GE5,A,A_515_CYS,,,,,,,,,,,,,,,,,,,,,,,,,,,
4GHI,A,A_339_CYS,,,,,,,,,,,,,,,,,,,,,,,,,,,
4GL5,A,A_437_CYS,,,,,,,,,,,,,,,,,,,,,,,,,,,
4GL7,A,A_437_CYS,,,,,,,,,,,,,,,,,,,,,,,,,,,
4GQ3,A,A_241_CYS,,,,,,,,,,,,,,,,,,,,,,,,,,,
4GQ4,A,A_241_CYS,,,,,,,,,,,,,,,,,,,,,,,,,,,
4GU6,A_B,A_502_CYS,B_502_CYS,,,,,,,,,,,,,,,,,,,,,,,,,,
4H58,A,A_531_CYS,,,,,,,,,,,,,,,,,,,,,,,,,,,
4HCT,A,A_442_CYS,,,,,,,,,,,,,,,,,,,,,,,,,,,
4HCU,A,A_442_CYS,,,,,,,,,,,,,,,,,,,,,,,,,,,
4HCV,A,A_442_CYS,,,,,,,,,,,,,,,,,,,,,,,,,,,
4HJO,A,A_773_CYS,,,,,,,,,,,,,,,,,,,,,,,,,,,
4HN2,A,A_320_CYS,,,,,,,,,,,,,,,,,,,,,,,,,,,
4HVD,A,A_909_CYS,,,,,,,,,,,,,,,,,,,,,,,,,,,
4HVG,A,A_909_CYS,,,,,,,,,,,,,,,,,,,,,,,,,,,
4HVH,A,A_909_CYS,,,,,,,,,,,,,,,,,,,,,,,,,,,
4HVI,A,A_909_CYS,,,,,,,,,,,,,,,,,,,,,,,,,,,
4HVS,A,A_673_CYS,A_809_CYS,,,,,,,,,,,,,,,,,,,,,,,,,,
4HW7,A,A_666_CYS,,,,,,,,,,,,,,,,,,,,,,,,,,,
4HWK,A_B_C_D,A_156_CYS,B_156_CYS,C_156_CYS,D_156_CYS,,,,,,,,,,,,,,,,,,,,,,,,
4HY4,A_B,A_309_CYS,B_309_CYS,,,,,,,,,,,,,,,,,,,,,,,,,,
4HY5,A_B,A_309_CYS,B_309_CYS,,,,,,,,,,,,,,,,,,,,,,,,,,
4HYH,A,A_87_CYS,,,,,,,,,,,,,,,,,,,,,,,,,,,
4HYI,A,A_87_CYS,,,,,,,,,,,,,,,,,,,,,,,,,,,
4I24,A_B,A_797_CYS,B_797_CYS,,,,,,,,,,,,,,,,,,,,,,,,,,
4I4E,A,A_502_CYS,,,,,,,,,,,,,,,,,,,,,,,,,,,
4I4F,A,A_611_CYS,,,,,,,,,,,,,,,,,,,,,,,,,,,
4I51,A_B,A_1225_CYS,A_1227_CYS,B_1225_CYS,B_1227_CYS,,,,,,,,,,,,,,,,,,,,,,,,
4I5I,A_B,A_482_CYS,B_482_CYS,,,,,,,,,,,,,,,,,,,,,,,,,,
4I5M,A,A_133_CYS,A_67_CYS,,,,,,,,,,,,,,,,,,,,,,,,,,
4I5P,A,A_162_CYS,A_96_CYS,,,,,,,,,,,,,,,,,,,,,,,,,,
4I6F,A,A_162_CYS,A_96_CYS,,,,,,,,,,,,,,,,,,,,,,,,,,
4I6H,A,A_162_CYS,A_96_CYS,,,,,,,,,,,,,,,,,,,,,,,,,,
4I6Q,A,A_909_CYS,,,,,,,,,,,,,,,,,,,,,,,,,,,
4I8V,A_B_C_D,A_457_CYS,B_457_CYS,C_457_CYS,D_457_CYS,,,,,,,,,,,,,,,,,,,,,,,,
4IA9,A,A_261_CYS,,,,,,,,,,,,,,,,,,,,,,,,,,,
4ICC,X,X_299_CYS,,,,,,,,,,,,,,,,,,,,,,,,,,,
4IDT,A_B,A_533_CYS,B_533_CYS,,,,,,,,,,,,,,,,,,,,,,,,,,
4IDV,A_B_C_D,A_533_CYS,B_533_CYS,C_533_CYS,D_533_CYS,,,,,,,,,,,,,,,,,,,,,,,,
4IGS,A,A_298_CYS,,,,,,,,,,,,,,,,,,,,,,,,,,,
4IJP,B,B_833_CYS,,,,,,,,,,,,,,,,,,,,,,,,,,,
4IKR,A,A_203_CYS,,,,,,,,,,,,,,,,,,,,,,,,,,,
4IKS,A,A_203_CYS,,,,,,,,,,,,,,,,,,,,,,,,,,,
4IKT,A,A_203_CYS,A_301_CYS,,,,,,,,,,,,,,,,,,,,,,,,,,
4IM0,A,A_89_CYS,,,,,,,,,,,,,,,,,,,,,,,,,,,
4IU6,A,A_203_CYS,A_301_CYS,,,,,,,,,,,,,,,,,,,,,,,,,,
4J0R,A,A_136_CYS,,,,,,,,,,,,,,,,,,,,,,,,,,,
4J0S,A,A_136_CYS,,,,,,,,,,,,,,,,,,,,,,,,,,,
4J51,A_B,A_227_CYS,A_231_CYS,B_227_CYS,B_231_CYS,,,,,,,,,,,,,,,,,,,,,,,,
4J52,A,A_133_CYS,A_67_CYS,,,,,,,,,,,,,,,,,,,,,,,,,,
4J53,A,A_133_CYS,A_67_CYS,,,,,,,,,,,,,,,,,,,,,,,,,,
4JG6,A,A_436_CYS,A_560_CYS,,,,,,,,,,,,,,,,,,,,,,,,,,
4JG7,A,A_436_CYS,A_560_CYS,,,,,,,,,,,,,,,,,,,,,,,,,,
4JG8,A,A_436_CYS,,,,,,,,,,,,,,,,,,,,,,,,,,,
4JII,X,X_299_CYS,,,,,,,,,,,,,,,,,,,,,,,,,,,
4JIK,A,A_87_CYS,,,,,,,,,,,,,,,,,,,,,,,,,,,
4JIR,A,A_298_CYS,,,,,,,,,,,,,,,,,,,,,,,,,,,
4JSX,A_B,A_2243_CYS,B_2243_CYS,,,,,,,,,,,,,,,,,,,,,,,,,,
4JVG,A_B_C_D,A_532_CYS,B_532_CYS,C_532_CYS,D_532_CYS,,,,,,,,,,,,,,,,,,,,,,,,
4JVM,A_B,A_83_CYS,B_83_CYS,,,,,,,,,,,,,,,,,,,,,,,,,,
4JVN,A,A_83_CYS,,,,,,,,,,,,,,,,,,,,,,,,,,,
4JZD,H,H_220_CYS,H_42_CYS,,,,,,,,,,,,,,,,,,,,,,,,,,
4JZE,H,H_220_CYS,,,,,,,,,,,,,,,,,,,,,,,,,,,
4JZF,H,H_191_CYS,H_220_CYS,,,,,,,,,,,,,,,,,,,,,,,,,,
4K69,A,A_42_CYS,,,,,,,,,,,,,,,,,,,,,,,,,,,
4K9Y,A,A_502_CYS,,,,,,,,,,,,,,,,,,,,,,,,,,,
4KIO,A_B_C_D,A_442_CYS,B_442_CYS,C_442_CYS,D_442_CYS,,,,,,,,,,,,,,,,,,,,,,,,
4KQ8,A,A_437_CYS,,,,,,,,,,,,,,,,,,,,,,,,,,,
4KSP,A_B,A_531_CYS,B_531_CYS,,,,,,,,,,,,,,,,,,,,,,,,,,
4KSQ,A_B,A_531_CYS,B_531_CYS,,,,,,,,,,,,,,,,,,,,,,,,,,
4L2O,A_B_E_G,A_243_CYS,B_243_CYS,E_243_CYS,G_243_CYS,,,,,,,,,,,,,,,,,,,,,,,,
4L52,A,A_174_CYS,,,,,,,,,,,,,,,,,,,,,,,,,,,
4L53,A,A_174_CYS,,,,,,,,,,,,,,,,,,,,,,,,,,,
4LAU,A,A_298_CYS,A_303_CYS,,,,,,,,,,,,,,,,,,,,,,,,,,
4LB3,A,A_298_CYS,A_303_CYS,,,,,,,,,,,,,,,,,,,,,,,,,,
4LB4,A,A_298_CYS,A_303_CYS,A_80_CYS,,,,,,,,,,,,,,,,,,,,,,,,,
4LGE,A_B,A_309_CYS,B_309_CYS,,,,,,,,,,,,,,,,,,,,,,,,,,
4LGU,A_B,A_309_CYS,B_309_CYS,,,,,,,,,,,,,,,,,,,,,,,,,,
4LI5,A,A_797_CYS,,,,,,,,,,,,,,,,,,,,,,,,,,,
4LL0,A_B,A_797_CYS,B_797_CYS,,,,,,,,,,,,,,,,,,,,,,,,,,
4LQM,A,A_797_CYS,,,,,,,,,,,,,,,,,,,,,,,,,,,
4LRM,A_B_C_D_E,A_800_CYS,B_800_CYS,C_800_CYS,D_800_CYS,E_800_CYS,,,,,,,,,,,,,,,,,,,,,,,
4LXB,H,H_191_CYS,H_220_CYS,,,,,,,,,,,,,,,,,,,,,,,,,,
4LY1,A_B_C,A_156_CYS,B_156_CYS,C_156_CYS,,,,,,,,,,,,,,,,,,,,,,,,,
4MBJ,A_B,A_532_CYS,B_532_CYS,,,,,,,,,,,,,,,,,,,,,,,,,,
4MDD,A_B,A_736_CYS,B_736_CYS,,,,,,,,,,,,,,,,,,,,,,,,,,
4MNE,A_D_E_H,A_207_CYS,D_207_CYS,E_207_CYS,H_207_CYS,,,,,,,,,,,,,,,,,,,,,,,,
4MNF,A_B,A_532_CYS,B_532_CYS,,,,,,,,,,,,,,,,,,,,,,,,,,
4MTI,A_B,A_309_CYS,B_309_CYS,,,,,,,,,,,,,,,,,,,,,,,,,,
4MU7,A_B,A_309_CYS,B_309_CYS,,,,,,,,,,,,,,,,,,,,,,,,,,
4NB6,A_B,A_299_CYS,B_299_CYS,,,,,,,,,,,,,,,,,,,,,,,,,,
4NFN,A,A_91_CYS,,,,,,,,,,,,,,,,,,,,,,,,,,,
4NIE,A_B,A_285_CYS,A_320_CYS,B_285_CYS,B_320_CYS,,,,,,,,,,,,,,,,,,,,,,,,
4NKV,A_B_C_D,A_442_CYS,B_442_CYS,C_442_CYS,D_442_CYS,,,,,,,,,,,,,,,,,,,,,,,,
4NOS,A_B_C_D,A_200_CYS,B_200_CYS,C_200_CYS,D_200_CYS,,,,,,,,,,,,,,,,,,,,,,,,
4NQM,A,A_136_CYS,,,,,,,,,,,,,,,,,,,,,,,,,,,
4NTJ,A,A_194_CYS,,,,,,,,,,,,,,,,,,,,,,,,,,,
4NVQ,A_B,A_1098_CYS,A_1168_CYS,B_1168_CYS,,,,,,,,,,,,,,,,,,,,,,,,,
4NXS,A_B,A_142_CYS,A_174_CYS,B_142_CYS,B_174_CYS,,,,,,,,,,,,,,,,,,,,,,,,
4O1L,A_B,A_123_CYS,B_123_CYS,,,,,,,,,,,,,,,,,,,,,,,,,,
4O6F,A,A_181_CYS,,,,,,,,,,,,,,,,,,,,,,,,,,,
4O6L,A_B,A_604_CYS,B_604_CYS,,,,,,,,,,,,,,,,,,,,,,,,,,
4O72,A,A_136_CYS,,,,,,,,,,,,,,,,,,,,,,,,,,,
4O74,A_B,A_136_CYS,B_136_CYS,,,,,,,,,,,,,,,,,,,,,,,,,,
4O76,A_B_C_D,A_136_CYS,B_136_CYS,C_136_CYS,D_136_CYS,,,,,,,,,,,,,,,,,,,,,,,,
4O8F,A_B,A_285_CYS,B_285_CYS,,,,,,,,,,,,,,,,,,,,,,,,,,
4OAR,A,A_891_CYS,,,,,,,,,,,,,,,,,,,,,,,,,,,
4OBP,A,A_108_CYS,,,,,,,,,,,,,,,,,,,,,,,,,,,
4OBQ,A,A_108_CYS,,,,,,,,,,,,,,,,,,,,,,,,,,,
4OG3,A,A_241_CYS,,,,,,,,,,,,,,,,,,,,,,,,,,,
4OG4,A,A_241_CYS,,,,,,,,,,,,,,,,,,,,,,,,,,,
4OG5,A,A_241_CYS,,,,,,,,,,,,,,,,,,,,,,,,,,,
4OG6,A,A_241_CYS,,,,,,,,,,,,,,,,,,,,,,,,,,,
4OG7,A,A_241_CYS,,,,,,,,,,,,,,,,,,,,,,,,,,,
4OG8,A,A_241_CYS,,,,,,,,,,,,,,,,,,,,,,,,,,,
4OGI,B,B_136_CYS,,,,,,,,,,,,,,,,,,,,,,,,,,,
4P6G,A_B_C_D,A_25_CYS,B_25_CYS,C_25_CYS,D_25_CYS,,,,,,,,,,,,,,,,,,,,,,,,
4PF3,A,A_849_CYS,A_942_CYS,,,,,,,,,,,,,,,,,,,,,,,,,,
4PP7,A_B,A_532_CYS,B_532_CYS,,,,,,,,,,,,,,,,,,,,,,,,,,
4PTC,A_B,A_199_CYS,B_199_CYS,,,,,,,,,,,,,,,,,,,,,,,,,,
4PTE,A_B,A_199_CYS,B_199_CYS,,,,,,,,,,,,,,,,,,,,,,,,,,
4PTG,A_B,A_199_CYS,B_199_CYS,,,,,,,,,,,,,,,,,,,,,,,,,,
4PVU,B,B_285_CYS,,,,,,,,,,,,,,,,,,,,,,,,,,,
4QM0,A_C,A_285_CYS,A_320_CYS,C_320_CYS,,,,,,,,,,,,,,,,,,,,,,,,,
4QOJ,A_B,A_121_CYS,B_121_CYS,,,,,,,,,,,,,,,,,,,,,,,,,,
4QR4,A,A_136_CYS,,,,,,,,,,,,,,,,,,,,,,,,,,,
4QRC,A,A_552_CYS,A_608_CYS,,,,,,,,,,,,,,,,,,,,,,,,,,
4QT1,A,A_909_CYS,,,,,,,,,,,,,,,,,,,,,,,,,,,
4QX4,A,A_298_CYS,,,,,,,,,,,,,,,,,,,,,,,,,,,
4QYG,A_B,A_87_CYS,B_87_CYS,,,,,,,,,,,,,,,,,,,,,,,,,,
4R06,A,A_285_CYS,,,,,,,,,,,,,,,,,,,,,,,,,,,
4R2U,A_D,A_285_CYS,D_285_CYS,,,,,,,,,,,,,,,,,,,,,,,,,,
4R5Y,A_B,A_532_CYS,B_532_CYS,,,,,,,,,,,,,,,,,,,,,,,,,,
4R6S,A_B,A_285_CYS,B_285_CYS,,,,,,,,,,,,,,,,,,,,,,,,,,
4RMG,A,A_324_CYS,,,,,,,,,,,,,,,,,,,,,,,,,,,
4RT7,A,A_694_CYS,A_695_CYS,A_828_CYS,,,,,,,,,,,,,,,,,,,,,,,,,
4RVK,A,A_87_CYS,,,,,,,,,,,,,,,,,,,,,,,,,,,
4RVL,A,A_87_CYS,,,,,,,,,,,,,,,,,,,,,,,,,,,
4RZV,A_B,A_532_CYS,B_532_CYS,,,,,,,,,,,,,,,,,,,,,,,,,,
4RZW,A_B,A_532_CYS,B_532_CYS,,,,,,,,,,,,,,,,,,,,,,,,,,
4TYJ,A,A_552_CYS,A_608_CYS,,,,,,,,,,,,,,,,,,,,,,,,,,
4U0I,A,A_673_CYS,A_788_CYS,A_809_CYS,,,,,,,,,,,,,,,,,,,,,,,,,
4U41,A,A_108_CYS,,,,,,,,,,,,,,,,,,,,,,,,,,,
4U42,A_B,A_108_CYS,B_108_CYS,,,,,,,,,,,,,,,,,,,,,,,,,,
4U6Q,A,A_237_CYS,,,,,,,,,,,,,,,,,,,,,,,,,,,
4U6R,A,A_645_CYS,,,,,,,,,,,,,,,,,,,,,,,,,,,
4U7H,B,B_121_CYS,,,,,,,,,,,,,,,,,,,,,,,,,,,
4UDA,A,A_942_CYS,,,,,,,,,,,,,,,,,,,,,,,,,,,
4UDC,A,A_736_CYS,,,,,,,,,,,,,,,,,,,,,,,,,,,
4UHR,A,A_185_CYS,,,,,,,,,,,,,,,,,,,,,,,,,,,
4UIY,A,A_136_CYS,,,,,,,,,,,,,,,,,,,,,,,,,,,
4UXQ,A,A_552_CYS,A_608_CYS,,,,,,,,,,,,,,,,,,,,,,,,,,
4UY1,A_B,A_27_CYS,A_43_CYS,B_27_CYS,B_43_CYS,,,,,,,,,,,,,,,,,,,,,,,,
4UYE,A_B,A_704_CYS,B_704_CYS,,,,,,,,,,,,,,,,,,,,,,,,,,
4UYH,B,B_152_CYS,,,,,,,,,,,,,,,,,,,,,,,,,,,
4V01,A_B,A_619_CYS,B_619_CYS,,,,,,,,,,,,,,,,,,,,,,,,,,
4V04,A_B,A_619_CYS,B_619_CYS,,,,,,,,,,,,,,,,,,,,,,,,,,
4W2R,A_B,A_560_CYS,B_560_CYS,,,,,,,,,,,,,,,,,,,,,,,,,,
4WLB,A_B,A_285_CYS,A_320_CYS,B_285_CYS,B_320_CYS,,,,,,,,,,,,,,,,,,,,,,,,
4WNO,A,A_95_CYS,,,,,,,,,,,,,,,,,,,,,,,,,,,
4WNP,A_B_C_D,A_95_CYS,B_95_CYS,C_95_CYS,D_95_CYS,,,,,,,,,,,,,,,,,,,,,,,,
4WNU,A_B_C_D,A_443_CYS,B_443_CYS,C_443_CYS,D_443_CYS,,,,,,,,,,,,,,,,,,,,,,,,
4WNV,A_B_C_D,A_443_CYS,B_443_CYS,C_443_CYS,D_443_CYS,,,,,,,,,,,,,,,,,,,,,,,,
4WO5,A_B,A_532_CYS,B_532_CYS,,,,,,,,,,,,,,,,,,,,,,,,,,
4WP7,A,A_302_CYS,,,,,,,,,,,,,,,,,,,,,,,,,,,
4WPF,A_D,A_320_CYS,D_320_CYS,,,,,,,,,,,,,,,,,,,,,,,,,,
4WPN,A,A_302_CYS,,,,,,,,,,,,,,,,,,,,,,,,,,,
4WQP,A_B,A_285_CYS,A_320_CYS,B_285_CYS,B_320_CYS,,,,,,,,,,,,,,,,,,,,,,,,
4WUY,A,A_181_CYS,,,,,,,,,,,,,,,,,,,,,,,,,,,
4WXX,A_B,A_1148_CYS,A_1191_CYS,B_1191_CYS,,,,,,,,,,,,,,,,,,,,,,,,,
4X4L,A,A_302_CYS,A_303_CYS,,,,,,,,,,,,,,,,,,,,,,,,,,
4X60,A,A_449_CYS,,,,,,,,,,,,,,,,,,,,,,,,,,,
4X61,A,A_449_CYS,,,,,,,,,,,,,,,,,,,,,,,,,,,
4X63,A,A_449_CYS,,,,,,,,,,,,,,,,,,,,,,,,,,,
4X6O,A,A_191_CYS,A_219_CYS,A_42_CYS,A_58_CYS,,,,,,,,,,,,,,,,,,,,,,,,
4X7H,A,A_891_CYS,,,,,,,,,,,,,,,,,,,,,,,,,,,
4X7J,A,A_891_CYS,,,,,,,,,,,,,,,,,,,,,,,,,,,
4X7K,A,A_891_CYS,,,,,,,,,,,,,,,,,,,,,,,,,,,
4X7L,A,A_891_CYS,,,,,,,,,,,,,,,,,,,,,,,,,,,
4X7N,A,A_891_CYS,,,,,,,,,,,,,,,,,,,,,,,,,,,
4XJ0,A,A_166_CYS,,,,,,,,,,,,,,,,,,,,,,,,,,,
4XLD,A,A_285_CYS,,,,,,,,,,,,,,,,,,,,,,,,,,,
4XMO,A,A_1210_CYS,,,,,,,,,,,,,,,,,,,,,,,,,,,
4XNW,A_C,A_42_CYS,C_42_CYS,,,,,,,,,,,,,,,,,,,,,,,,,,
4XRZ,A_B_C_D,A_443_CYS,B_443_CYS,C_443_CYS,D_443_CYS,,,,,,,,,,,,,,,,,,,,,,,,
4XT2,A_C,A_339_CYS,C_339_CYS,,,,,,,,,,,,,,,,,,,,,,,,,,
4XT9,A,A_285_CYS,A_320_CYS,,,,,,,,,,,,,,,,,,,,,,,,,,
4XUC,A,A_223_CYS,,,,,,,,,,,,,,,,,,,,,,,,,,,
4XUE,A,A_145_CYS,,,,,,,,,,,,,,,,,,,,,,,,,,,
4XUF,A_B,A_694_CYS,A_695_CYS,A_828_CYS,B_694_CYS,B_695_CYS,B_828_CYS,,,,,,,,,,,,,,,,,,,,,,
4XV1,A,A_532_CYS,,,,,,,,,,,,,,,,,,,,,,,,,,,
4XV2,A_B,A_532_CYS,B_532_CYS,,,,,,,,,,,,,,,,,,,,,,,,,,
4XV9,A,A_532_CYS,,,,,,,,,,,,,,,,,,,,,,,,,,,
4XWY,A_B_C_D,A_156_CYS,B_156_CYS,C_156_CYS,D_156_CYS,,,,,,,,,,,,,,,,,,,,,,,,
4XYF,A,A_1210_CYS,,,,,,,,,,,,,,,,,,,,,,,,,,,
4XZH,A_B,A_298_CYS,A_303_CYS,B_298_CYS,B_303_CYS,,,,,,,,,,,,,,,,,,,,,,,,
4Y29,A,A_285_CYS,,,,,,,,,,,,,,,,,,,,,,,,,,,
4Y30,B,B_50_CYS,,,,,,,,,,,,,,,,,,,,,,,,,,,
4Y6D,A,A_191_CYS,A_220_CYS,,,,,,,,,,,,,,,,,,,,,,,,,,
4Y8D,A_B,A_126_CYS,B_126_CYS,,,,,,,,,,,,,,,,,,,,,,,,,,
4YHT,A_B,A_531_CYS,B_531_CYS,,,,,,,,,,,,,,,,,,,,,,,,,,
4YND,A,A_181_CYS,,,,,,,,,,,,,,,,,,,,,,,,,,,
4YNE,A,A_656_CYS,,,,,,,,,,,,,,,,,,,,,,,,,,,
4YPS,A,A_656_CYS,,,,,,,,,,,,,,,,,,,,,,,,,,,
4YQM,A_B_C,A_32_CYS,B_32_CYS,C_32_CYS,,,,,,,,,,,,,,,,,,,,,,,,,
4YZC,A_B,A_645_CYS,B_645_CYS,,,,,,,,,,,,,,,,,,,,,,,,,,
4Z0K,A,A_191_CYS,A_220_CYS,,,,,,,,,,,,,,,,,,,,,,,,,,
4Z16,A_B_C_D,A_909_CYS,B_909_CYS,C_909_CYS,D_909_CYS,,,,,,,,,,,,,,,,,,,,,,,,
4Z93,A,A_429_CYS,,,,,,,,,,,,,,,,,,,,,,,,,,,
4ZAE,A,A_191_CYS,A_220_CYS,,,,,,,,,,,,,,,,,,,,,,,,,,
4ZAU,A,A_797_CYS,,,,,,,,,,,,,,,,,,,,,,,,,,,
4ZGX,A_B_C_D_E_F_G_H_I_J_K_L,A_450_CYS,B_450_CYS,C_450_CYS,D_450_CYS,E_450_CYS,F_450_CYS,G_450_CYS,H_450_CYS,I_450_CYS,J_450_CYS,K_450_CYS,L_450_CYS,,,,,,,,,,,,,,,,
4ZJ8,A,A_99_CYS,,,,,,,,,,,,,,,,,,,,,,,,,,,
4ZJR,A_B_C_D,A_320_CYS,A_393_CYS,B_320_CYS,C_320_CYS,C_393_CYS,D_320_CYS,D_393_CYS,,,,,,,,,,,,,,,,,,,,,
4ZK5,A,A_108_CYS,,,,,,,,,,,,,,,,,,,,,,,,,,,
4ZOM,A_B_C_D,A_320_CYS,A_393_CYS,B_320_CYS,B_393_CYS,C_320_CYS,C_393_CYS,D_320_CYS,D_393_CYS,,,,,,,,,,,,,,,,,,,,
4ZP5,A,A_108_CYS,,,,,,,,,,,,,,,,,,,,,,,,,,,
4ZZN,A,A_164_CYS,,,,,,,,,,,,,,,,,,,,,,,,,,,
4ZZO,A,A_166_CYS,,,,,,,,,,,,,,,,,,,,,,,,,,,
5A09,A,A_191_CYS,,,,,,,,,,,,,,,,,,,,,,,,,,,
5A0A,E,E_191_CYS,,,,,,,,,,,,,,,,,,,,,,,,,,,
5A0B,A,A_191_CYS,,,,,,,,,,,,,,,,,,,,,,,,,,,
5A0C,A_B,A_198_CYS,B_198_CYS,,,,,,,,,,,,,,,,,,,,,,,,,,
5A8X,A,A_191_CYS,,,,,,,,,,,,,,,,,,,,,,,,,,,
5A8Y,A,A_191_CYS,,,,,,,,,,,,,,,,,,,,,,,,,,,
5A8Z,A,A_191_CYS,,,,,,,,,,,,,,,,,,,,,,,,,,,
5ABW,A,A_191_CYS,,,,,,,,,,,,,,,,,,,,,,,,,,,
5ACY,A_B,A_136_CYS,B_136_CYS,,,,,,,,,,,,,,,,,,,,,,,,,,
5AIV,B_C,B_156_CYS,C_156_CYS,,,,,,,,,,,,,,,,,,,,,,,,,,
5AIX,B_C,B_156_CYS,C_156_CYS,,,,,,,,,,,,,,,,,,,,,,,,,,
5AJQ,A_B,A_113_CYS,B_113_CYS,,,,,,,,,,,,,,,,,,,,,,,,,,
5AJV,B,B_154_CYS,,,,,,,,,,,,,,,,,,,,,,,,,,,
5AJW,A,A_154_CYS,,,,,,,,,,,,,,,,,,,,,,,,,,,
5AJX,A,A_154_CYS,,,,,,,,,,,,,,,,,,,,,,,,,,,
5AK0,A,A_154_CYS,,,,,,,,,,,,,,,,,,,,,,,,,,,
5AP0,A,A_604_CYS,,,,,,,,,,,,,,,,,,,,,,,,,,,
5AP3,A,A_604_CYS,,,,,,,,,,,,,,,,,,,,,,,,,,,
5AP5,A,A_604_CYS,,,,,,,,,,,,,,,,,,,,,,,,,,,
5APH,A,A_320_CYS,,,,,,,,,,,,,,,,,,,,,,,,,,,
5APJ,A,A_320_CYS,A_393_CYS,,,,,,,,,,,,,,,,,,,,,,,,,,
5APK,A_B,A_320_CYS,A_393_CYS,B_320_CYS,B_393_CYS,,,,,,,,,,,,,,,,,,,,,,,,
5ARG,A,A_181_CYS,,,,,,,,,,,,,,,,,,,,,,,,,,,
5AX9,A_B_C,A_108_CYS,B_108_CYS,C_108_CYS,,,,,,,,,,,,,,,,,,,,,,,,,
5BQ0,A,A_481_CYS,,,,,,,,,,,,,,,,,,,,,,,,,,,
5BUE,A,A_164_CYS,,,,,,,,,,,,,,,,,,,,,,,,,,,
5BUI,A,A_164_CYS,,,,,,,,,,,,,,,,,,,,,,,,,,,
5BUJ,A,A_164_CYS,,,,,,,,,,,,,,,,,,,,,,,,,,,
5BVE,A,A_164_CYS,,,,,,,,,,,,,,,,,,,,,,,,,,,
5BVF,A,A_164_CYS,,,,,,,,,,,,,,,,,,,,,,,,,,,
5BWU,A_B,A_315_CYS,A_318_CYS,B_315_CYS,B_318_CYS,,,,,,,,,,,,,,,,,,,,,,,,
5BWV,A_B,A_315_CYS,A_318_CYS,B_315_CYS,B_318_CYS,,,,,,,,,,,,,,,,,,,,,,,,
5BWW,A_B,A_315_CYS,A_318_CYS,B_315_CYS,B_318_CYS,,,,,,,,,,,,,,,,,,,,,,,,
5BWX,A_B,A_315_CYS,A_318_CYS,B_315_CYS,B_318_CYS,,,,,,,,,,,,,,,,,,,,,,,,
5C9C,A_B,A_531_CYS,B_531_CYS,,,,,,,,,,,,,,,,,,,,,,,,,,
5C9Z,A,A_449_CYS,,,,,,,,,,,,,,,,,,,,,,,,,,,
5CAQ,A,A_775_CYS,,,,,,,,,,,,,,,,,,,,,,,,,,,
5CCM,A,A_180_CYS,A_186_CYS,A_238_CYS,A_333_CYS,,,,,,,,,,,,,,,,,,,,,,,,
5CEO,A,A_193_CYS,,,,,,,,,,,,,,,,,,,,,,,,,,,
5CEQ,A,A_193_CYS,,,,,,,,,,,,,,,,,,,,,,,,,,,
5CI7,A,A_95_CYS,,,,,,,,,,,,,,,,,,,,,,,,,,,
5CPR,B,B_319_CYS,B_321_CYS,,,,,,,,,,,,,,,,,,,,,,,,,,
5CSW,A_B,A_532_CYS,B_532_CYS,,,,,,,,,,,,,,,,,,,,,,,,,,
5CSX,A,A_532_CYS,,,,,,,,,,,,,,,,,,,,,,,,,,,
5CT7,A_B,A_532_CYS,B_532_CYS,,,,,,,,,,,,,,,,,,,,,,,,,,
5D41,A_B,A_775_CYS,A_797_CYS,B_797_CYS,,,,,,,,,,,,,,,,,,,,,,,,,
5DB1,A,A_241_CYS,,,,,,,,,,,,,,,,,,,,,,,,,,,
5DB3,A,A_241_CYS,,,,,,,,,,,,,,,,,,,,,,,,,,,
5DD9,A,A_241_CYS,,,,,,,,,,,,,,,,,,,,,,,,,,,
5DDB,A,A_241_CYS,,,,,,,,,,,,,,,,,,,,,,,,,,,
5DDC,A,A_241_CYS,,,,,,,,,,,,,,,,,,,,,,,,,,,
5DDD,A,A_241_CYS,,,,,,,,,,,,,,,,,,,,,,,,,,,
5DDE,A,A_241_CYS,,,,,,,,,,,,,,,,,,,,,,,,,,,
5DDF,A,A_241_CYS,,,,,,,,,,,,,,,,,,,,,,,,,,,
5DE1,A,A_379_CYS,,,,,,,,,,,,,,,,,,,,,,,,,,,
5DH3,A_B,A_102_CYS,B_102_CYS,,,,,,,,,,,,,,,,,,,,,,,,,,
5DI1,A,A_108_CYS,,,,,,,,,,,,,,,,,,,,,,,,,,,
5DLS,A,A_87_CYS,,,,,,,,,,,,,,,,,,,,,,,,,,,
5DWL,A,A_285_CYS,,,,,,,,,,,,,,,,,,,,,,,,,,,
5DY4,A,A_324_CYS,,,,,,,,,,,,,,,,,,,,,,,,,,,
5DYW,B,B_66_CYS,,,,,,,,,,,,,,,,,,,,,,,,,,,
5E7R,A,A_174_CYS,,,,,,,,,,,,,,,,,,,,,,,,,,,
5E7V,A,A_316_CYS,,,,,,,,,,,,,,,,,,,,,,,,,,,
5E8R,A_B,A_50_CYS,B_50_CYS,,,,,,,,,,,,,,,,,,,,,,,,,,
5EBZ,A_B_C_D_E_F_G_H_I_J_K_L,A_98_CYS,B_98_CYS,C_98_CYS,D_98_CYS,E_98_CYS,F_98_CYS,G_98_CYS,H_98_CYS,I_98_CYS,J_98_CYS,K_98_CYS,L_98_CYS,,,,,,,,,,,,,,,,
5EGM,A,A_191_CYS,A_220_CYS,,,,,,,,,,,,,,,,,,,,,,,,,,
5EH0,A,A_604_CYS,,,,,,,,,,,,,,,,,,,,,,,,,,,
5EHO,A,A_604_CYS,,,,,,,,,,,,,,,,,,,,,,,,,,,
5EHY,A,A_604_CYS,,,,,,,,,,,,,,,,,,,,,,,,,,,
5EI2,A,A_604_CYS,,,,,,,,,,,,,,,,,,,,,,,,,,,
5EI6,A,A_604_CYS,,,,,,,,,,,,,,,,,,,,,,,,,,,
5EI8,A,A_604_CYS,,,,,,,,,,,,,,,,,,,,,,,,,,,
5EJV,A_B,A_320_CYS,B_320_CYS,,,,,,,,,,,,,,,,,,,,,,,,,,
5EK2,A_B,A_129_CYS,B_129_CYS,,,,,,,,,,,,,,,,,,,,,,,,,,
5EK3,A_B,A_129_CYS,B_129_CYS,,,,,,,,,,,,,,,,,,,,,,,,,,
5EK4,A_B,A_129_CYS,B_129_CYS,,,,,,,,,,,,,,,,,,,,,,,,,,
5EMJ,A,A_449_CYS,,,,,,,,,,,,,,,,,,,,,,,,,,,
5EMK,A,A_449_CYS,,,,,,,,,,,,,,,,,,,,,,,,,,,
5EML,A,A_449_CYS,,,,,,,,,,,,,,,,,,,,,,,,,,,
5EMM,A,A_449_CYS,,,,,,,,,,,,,,,,,,,,,,,,,,,
5ETH,A_B,A_320_CYS,A_476_CYS,B_320_CYS,B_476_CYS,,,,,,,,,,,,,,,,,,,,,,,,
5EW3,A_B,A_1045_CYS,A_919_CYS,B_1045_CYS,B_919_CYS,,,,,,,,,,,,,,,,,,,,,,,,
5EYC,A,A_1210_CYS,,,,,,,,,,,,,,,,,,,,,,,,,,,
5EYD,A,A_1210_CYS,,,,,,,,,,,,,,,,,,,,,,,,,,,
5EYM,A_B,A_207_CYS,B_207_CYS,,,,,,,,,,,,,,,,,,,,,,,,,,
5F4N,A,A_87_CYS,,,,,,,,,,,,,,,,,,,,,,,,,,,
5F94,A_B,A_199_CYS,B_199_CYS,,,,,,,,,,,,,,,,,,,,,,,,,,
5FAH,A,A_191_CYS,A_220_CYS,A_42_CYS,,,,,,,,,,,,,,,,,,,,,,,,,
5FBN,C_D,C_481_CYS,D_481_CYS,,,,,,,,,,,,,,,,,,,,,,,,,,
5FBO,A,A_481_CYS,,,,,,,,,,,,,,,,,,,,,,,,,,,
5FCK,A,A_191_CYS,A_220_CYS,A_42_CYS,A_58_CYS,,,,,,,,,,,,,,,,,,,,,,,,
5FEQ,A,A_775_CYS,A_797_CYS,,,,,,,,,,,,,,,,,,,,,,,,,,
5FG4,A,A_704_CYS,,,,,,,,,,,,,,,,,,,,,,,,,,,
5FG5,A_B,A_704_CYS,B_704_CYS,,,,,,,,,,,,,,,,,,,,,,,,,,
5FG6,A,A_638_CYS,,,,,,,,,,,,,,,,,,,,,,,,,,,
5FTJ,A_B_C_D_E_F,A_522_CYS,A_535_CYS,A_572_CYS,B_522_CYS,B_535_CYS,B_572_CYS,C_522_CYS,C_535_CYS,C_572_CYS,D_522_CYS,D_535_CYS,D_572_CYS,E_522_CYS,E_535_CYS,E_572_CYS,F_522_CYS,F_535_CYS,F_572_CYS,,,,,,,,,,
5FTO,A,A_1255_CYS,,,,,,,,,,,,,,,,,,,,,,,,,,,
5FTQ,A,A_1255_CYS,,,,,,,,,,,,,,,,,,,,,,,,,,,
5FVW,A_B,A_420_CYS,B_420_CYS,,,,,,,,,,,,,,,,,,,,,,,,,,
5G3J,A,A_643_CYS,A_736_CYS,,,,,,,,,,,,,,,,,,,,,,,,,,
5G3N,A_B,A_28_CYS,A_44_CYS,B_28_CYS,B_44_CYS,,,,,,,,,,,,,,,,,,,,,,,,
5G4R,B_C,B_704_CYS,C_704_CYS,,,,,,,,,,,,,,,,,,,,,,,,,,
5G53,C,C_365_CYS,,,,,,,,,,,,,,,,,,,,,,,,,,,
5G5W,A,A_736_CYS,,,,,,,,,,,,,,,,,,,,,,,,,,,
5GMP,A,A_797_CYS,,,,,,,,,,,,,,,,,,,,,,,,,,,
5HES,A_B,A_150_CYS,B_150_CYS,B_22_CYS,,,,,,,,,,,,,,,,,,,,,,,,,
5HI2,A,A_532_CYS,,,,,,,,,,,,,,,,,,,,,,,,,,,
5HID,A_B,A_532_CYS,B_532_CYS,,,,,,,,,,,,,,,,,,,,,,,,,,
5HIE,A_B_C_D,A_532_CYS,B_532_CYS,C_532_CYS,D_532_CYS,,,,,,,,,,,,,,,,,,,,,,,,
5HLP,A_B,A_199_CYS,B_199_CYS,,,,,,,,,,,,,,,,,,,,,,,,,,
5HNE,A_B,A_318_CYS,B_318_CYS,,,,,,,,,,,,,,,,,,,,,,,,,,
5HYN,A_F_K_Q,A_663_CYS,F_663_CYS,K_663_CYS,Q_663_CYS,,,,,,,,,,,,,,,,,,,,,,,,
5I88,A,A_136_CYS,,,,,,,,,,,,,,,,,,,,,,,,,,,
5IH8,A,A_70_CYS,A_89_CYS,,,,,,,,,,,,,,,,,,,,,,,,,,
5IH9,A,A_70_CYS,A_89_CYS,,,,,,,,,,,,,,,,,,,,,,,,,,
5IHA,A,A_70_CYS,A_89_CYS,,,,,,,,,,,,,,,,,,,,,,,,,,
5IHC,A,A_70_CYS,A_89_CYS,,,,,,,,,,,,,,,,,,,,,,,,,,
5IRQ,A_B_C_D,A_442_CYS,B_442_CYS,C_442_CYS,D_442_CYS,,,,,,,,,,,,,,,,,,,,,,,,
5IRV,A_B_C_D,A_442_CYS,B_442_CYS,C_442_CYS,D_442_CYS,,,,,,,,,,,,,,,,,,,,,,,,
5ITA,A_B,A_532_CYS,B_532_CYS,,,,,,,,,,,,,,,,,,,,,,,,,,
5ITZ,B,B_12_CYS,B_241_CYS,,,,,,,,,,,,,,,,,,,,,,,,,,
5IWG,A_B_C,A_156_CYS,B_156_CYS,C_156_CYS,,,,,,,,,,,,,,,,,,,,,,,,,
5IX0,A_B_C,A_156_CYS,B_156_CYS,C_156_CYS,,,,,,,,,,,,,,,,,,,,,,,,,
5IXK,A_B,A_320_CYS,B_320_CYS,,,,,,,,,,,,,,,,,,,,,,,,,,
5J3S,A,A_311_CYS,,,,,,,,,,,,,,,,,,,,,,,,,,,
5J87,A_B_C_D,A_481_CYS,B_481_CYS,C_481_CYS,D_481_CYS,,,,,,,,,,,,,,,,,,,,,,,,
5J8I,A,A_174_CYS,,,,,,,,,,,,,,,,,,,,,,,,,,,
5J9L,A,A_174_CYS,,,,,,,,,,,,,,,,,,,,,,,,,,,
5J9Y,A,A_797_CYS,,,,,,,,,,,,,,,,,,,,,,,,,,,
5J9Z,A,A_797_CYS,,,,,,,,,,,,,,,,,,,,,,,,,,,
5JGA,A,A_174_CYS,,,,,,,,,,,,,,,,,,,,,,,,,,,
5JGB,A,A_174_CYS,,,,,,,,,,,,,,,,,,,,,,,,,,,
5JGD,A,A_174_CYS,,,,,,,,,,,,,,,,,,,,,,,,,,,
5JH6,A,A_174_CYS,,,,,,,,,,,,,,,,,,,,,,,,,,,
5JI0,D,D_285_CYS,,,,,,,,,,,,,,,,,,,,,,,,,,,
5JK3,A,A_174_CYS,,,,,,,,,,,,,,,,,,,,,,,,,,,
5JKG,A,A_552_CYS,,,,,,,,,,,,,,,,,,,,,,,,,,,
5JKV,A,A_437_CYS,,,,,,,,,,,,,,,,,,,,,,,,,,,
5JL6,A,A_437_CYS,,,,,,,,,,,,,,,,,,,,,,,,,,,
5JL7,A,A_437_CYS,,,,,,,,,,,,,,,,,,,,,,,,,,,
5JL9,A,A_437_CYS,,,,,,,,,,,,,,,,,,,,,,,,,,,
5JRS,A_B,A_481_CYS,B_481_CYS,,,,,,,,,,,,,,,,,,,,,,,,,,
5JSM,A_B_C_D,A_532_CYS,B_532_CYS,C_532_CYS,D_532_CYS,,,,,,,,,,,,,,,,,,,,,,,,
5JWM,A_B,A_429_CYS,B_429_CYS,,,,,,,,,,,,,,,,,,,,,,,,,,
5K00,A,A_70_CYS,A_89_CYS,,,,,,,,,,,,,,,,,,,,,,,,,,
5K3L,A_B_C_D,A_320_CYS,B_320_CYS,C_320_CYS,D_320_CYS,,,,,,,,,,,,,,,,,,,,,,,,
5K3N,A_B_D,A_320_CYS,B_320_CYS,D_320_CYS,,,,,,,,,,,,,,,,,,,,,,,,,
5K4I,A,A_166_CYS,,,,,,,,,,,,,,,,,,,,,,,,,,,
5K7K,A,A_435_CYS,,,,,,,,,,,,,,,,,,,,,,,,,,,
5KDH,A,A_136_CYS,,,,,,,,,,,,,,,,,,,,,,,,,,,
5KHM,A_B,A_136_CYS,B_136_CYS,,,,,,,,,,,,,,,,,,,,,,,,,,
5KJ0,A,A_136_CYS,,,,,,,,,,,,,,,,,,,,,,,,,,,
5KJK,A,A_181_CYS,,,,,,,,,,,,,,,,,,,,,,,,,,,
5KJM,A,A_181_CYS,,,,,,,,,,,,,,,,,,,,,,,,,,,
5KKR,B,B_742_CYS,,,,,,,,,,,,,,,,,,,,,,,,,,,
5KPK,A_B,A_199_CYS,B_199_CYS,,,,,,,,,,,,,,,,,,,,,,,,,,
5KVT,A,A_656_CYS,,,,,,,,,,,,,,,,,,,,,,,,,,,
5L01,A,A_364_CYS,,,,,,,,,,,,,,,,,,,,,,,,,,,
5L2M,A,A_302_CYS,,,,,,,,,,,,,,,,,,,,,,,,,,,
5LF3,H,H_31_CYS,,,,,,,,,,,,,,,,,,,,,,,,,,,
5LF7,H_V,H_32_CYS,V_32_CYS,,,,,,,,,,,,,,,,,,,,,,,,,,
5LGA,A,A_316_CYS,,,,,,,,,,,,,,,,,,,,,,,,,,,
5LGE,B_D,B_269_CYS,D_269_CYS,,,,,,,,,,,,,,,,,,,,,,,,,,
5LIX,X,X_299_CYS,,,,,,,,,,,,,,,,,,,,,,,,,,,
5LIY,X,X_299_CYS,,,,,,,,,,,,,,,,,,,,,,,,,,,
5LUB,B,B_189_CYS,,,,,,,,,,,,,,,,,,,,,,,,,,,
5LWM,A,A_909_CYS,,,,,,,,,,,,,,,,,,,,,,,,,,,
5LWN,A,A_909_CYS,,,,,,,,,,,,,,,,,,,,,,,,,,,
5LWP,A,A_476_CYS,,,,,,,,,,,,,,,,,,,,,,,,,,,
5M53,A,A_22_CYS,A_89_CYS,,,,,,,,,,,,,,,,,,,,,,,,,,
5M7S,A_B,A_215_CYS,B_215_CYS,,,,,,,,,,,,,,,,,,,,,,,,,,
5MAF,A,A_70_CYS,A_89_CYS,,,,,,,,,,,,,,,,,,,,,,,,,,
5MIO,B,B_12_CYS,B_241_CYS,,,,,,,,,,,,,,,,,,,,,,,,,,
5MJT,H,H_191_CYS,,,,,,,,,,,,,,,,,,,,,,,,,,,
5MO4,A,A_483_CYS,,,,,,,,,,,,,,,,,,,,,,,,,,,
5MW2,A,A_53_CYS,,,,,,,,,,,,,,,,,,,,,,,,,,,
5MWD,A,A_53_CYS,,,,,,,,,,,,,,,,,,,,,,,,,,,
5MWP,A,A_849_CYS,A_942_CYS,,,,,,,,,,,,,,,,,,,,,,,,,,
5MYG,A_B_C,A_704_CYS,B_704_CYS,C_704_CYS,,,,,,,,,,,,,,,,,,,,,,,,,
5N1Z,A,A_53_CYS,,,,,,,,,,,,,,,,,,,,,,,,,,,
5N49,B,B_638_CYS,,,,,,,,,,,,,,,,,,,,,,,,,,,
5N7V,A,A_604_CYS,,,,,,,,,,,,,,,,,,,,,,,,,,,
5N84,A,A_604_CYS,,,,,,,,,,,,,,,,,,,,,,,,,,,
5N93,A,A_604_CYS,,,,,,,,,,,,,,,,,,,,,,,,,,,
5N9S,A,A_604_CYS,,,,,,,,,,,,,,,,,,,,,,,,,,,
5NAR,A,A_191_CYS,A_220_CYS,A_42_CYS,,,,,,,,,,,,,,,,,,,,,,,,,
5NAW,A,A_191_CYS,A_220_CYS,A_42_CYS,A_58_CYS,,,,,,,,,,,,,,,,,,,,,,,,
5NB6,A,A_191_CYS,A_220_CYS,A_42_CYS,,,,,,,,,,,,,,,,,,,,,,,,,
5NB7,A,A_191_CYS,A_220_CYS,A_42_CYS,A_58_CYS,,,,,,,,,,,,,,,,,,,,,,,,
5NBA,A,A_191_CYS,A_220_CYS,A_42_CYS,A_58_CYS,,,,,,,,,,,,,,,,,,,,,,,,
5NDZ,A,A_161_CYS,,,,,,,,,,,,,,,,,,,,,,,,,,,
5NFT,A,A_736_CYS,,,,,,,,,,,,,,,,,,,,,,,,,,,
5NGU,A,A_166_CYS,,,,,,,,,,,,,,,,,,,,,,,,,,,
5NHH,A,A_166_CYS,,,,,,,,,,,,,,,,,,,,,,,,,,,
5NHJ,A,A_166_CYS,,,,,,,,,,,,,,,,,,,,,,,,,,,
5NHL,A,A_166_CYS,,,,,,,,,,,,,,,,,,,,,,,,,,,
5NHO,A,A_166_CYS,,,,,,,,,,,,,,,,,,,,,,,,,,,
5NHP,A,A_166_CYS,,,,,,,,,,,,,,,,,,,,,,,,,,,
5NHV,A,A_166_CYS,,,,,,,,,,,,,,,,,,,,,,,,,,,
5NI5,A,A_285_CYS,A_320_CYS,,,,,,,,,,,,,,,,,,,,,,,,,,
5NI7,A,A_285_CYS,,,,,,,,,,,,,,,,,,,,,,,,,,,
5NI8,A,A_285_CYS,A_320_CYS,,,,,,,,,,,,,,,,,,,,,,,,,,
5NIB,A,A_285_CYS,A_320_CYS,,,,,,,,,,,,,,,,,,,,,,,,,,
5NM2,A,A_128_CYS,A_254_CYS,A_259_CYS,A_262_CYS,A_28_CYS,A_71_CYS,A_77_CYS,,,,,,,,,,,,,,,,,,,,,
5NM4,A,A_367_CYS,A_86_CYS,,,,,,,,,,,,,,,,,,,,,,,,,,
5NTK,A_B,A_285_CYS,A_393_CYS,B_285_CYS,B_393_CYS,,,,,,,,,,,,,,,,,,,,,,,,
5NTP,A,A_320_CYS,,,,,,,,,,,,,,,,,,,,,,,,,,,
5NTQ,A_B,A_320_CYS,B_320_CYS,,,,,,,,,,,,,,,,,,,,,,,,,,
5NTW,A_B_C_D,A_285_CYS,A_320_CYS,A_393_CYS,B_285_CYS,B_320_CYS,B_393_CYS,C_285_CYS,C_320_CYS,C_393_CYS,D_285_CYS,D_320_CYS,D_393_CYS,,,,,,,,,,,,,,,,
5NU1,A_B,A_285_CYS,A_320_CYS,B_285_CYS,B_320_CYS,,,,,,,,,,,,,,,,,,,,,,,,
5O6H,A_B,A_249_CYS,B_249_CYS,,,,,,,,,,,,,,,,,,,,,,,,,,
5O6J,A_B,A_249_CYS,B_249_CYS,,,,,,,,,,,,,,,,,,,,,,,,,,
5OHJ,A_B,A_604_CYS,B_604_CYS,,,,,,,,,,,,,,,,,,,,,,,,,,
5OOG,A,A_109_CYS,,,,,,,,,,,,,,,,,,,,,,,,,,,
5OOH,A,A_109_CYS,,,,,,,,,,,,,,,,,,,,,,,,,,,
5OU0,A,A_298_CYS,,,,,,,,,,,,,,,,,,,,,,,,,,,
5OUJ,A,A_298_CYS,,,,,,,,,,,,,,,,,,,,,,,,,,,
5OUK,A,A_298_CYS,,,,,,,,,,,,,,,,,,,,,,,,,,,
5OWC,A_B,A_27_CYS,A_43_CYS,B_27_CYS,B_43_CYS,,,,,,,,,,,,,,,,,,,,,,,,
5P9I,A,A_481_CYS,,,,,,,,,,,,,,,,,,,,,,,,,,,
5PZT,A_B_C_D_E_F_G_H,A_179_CYS,B_179_CYS,C_179_CYS,D_179_CYS,E_179_CYS,F_179_CYS,G_179_CYS,H_179_CYS,,,,,,,,,,,,,,,,,,,,
5QIN,A,A_396_CYS,,,,,,,,,,,,,,,,,,,,,,,,,,,
5T18,A,A_481_CYS,,,,,,,,,,,,,,,,,,,,,,,,,,,
5T1A,A,A_190_CYS,,,,,,,,,,,,,,,,,,,,,,,,,,,
5T4V,A,A_704_CYS,,,,,,,,,,,,,,,,,,,,,,,,,,,
5TA6,A,A_133_CYS,A_67_CYS,,,,,,,,,,,,,,,,,,,,,,,,,,
5TA8,A,A_133_CYS,A_67_CYS,,,,,,,,,,,,,,,,,,,,,,,,,,
5TBM,A,A_339_CYS,,,,,,,,,,,,,,,,,,,,,,,,,,,
5TCA,A_B_C_D_E_F_G,A_194_CYS,A_219_CYS,A_41_CYS,A_57_CYS,B_194_CYS,B_219_CYS,B_41_CYS,B_57_CYS,C_194_CYS,C_219_CYS,C_41_CYS,C_57_CYS,D_194_CYS,D_219_CYS,D_41_CYS,D_57_CYS,E_194_CYS,E_219_CYS,E_41_CYS,E_57_CYS,F_194_CYS,F_219_CYS,F_41_CYS,F_57_CYS,G_194_CYS,G_219_CYS,G_41_CYS,G_57_CYS
5TCC,A_B_C_D_E_F_G,A_194_CYS,A_219_CYS,A_41_CYS,A_57_CYS,B_194_CYS,B_219_CYS,B_41_CYS,B_57_CYS,C_219_CYS,C_41_CYS,C_57_CYS,D_194_CYS,D_219_CYS,D_41_CYS,D_57_CYS,E_194_CYS,E_219_CYS,E_41_CYS,E_57_CYS,F_194_CYS,F_219_CYS,F_41_CYS,F_57_CYS,G_194_CYS,G_219_CYS,G_41_CYS,G_57_CYS,
5TFT,A_B_C_D,A_443_CYS,B_443_CYS,C_443_CYS,D_443_CYS,,,,,,,,,,,,,,,,,,,,,,,,
5TFU,A_B_C_D,A_443_CYS,B_443_CYS,C_443_CYS,D_443_CYS,,,,,,,,,,,,,,,,,,,,,,,,
5TJX,A,A_574_CYS,A_602_CYS,,,,,,,,,,,,,,,,,,,,,,,,,,
5TNT,A,A_191_CYS,A_220_CYS,,,,,,,,,,,,,,,,,,,,,,,,,,
5TPG,A,A_364_CYS,,,,,,,,,,,,,,,,,,,,,,,,,,,
5TTF,A_B_C_D,A_1098_CYS,A_1168_CYS,B_1098_CYS,B_1168_CYS,C_1098_CYS,C_1168_CYS,C_1170_CYS,D_1098_CYS,D_1168_CYS,D_1170_CYS,,,,,,,,,,,,,,,,,,
5TTG,A_B,A_1186_CYS,A_1256_CYS,A_1258_CYS,B_1186_CYS,B_1256_CYS,B_1258_CYS,,,,,,,,,,,,,,,,,,,,,,
5TUY,A_B,A_1098_CYS,A_1168_CYS,B_1098_CYS,B_1168_CYS,,,,,,,,,,,,,,,,,,,,,,,,
5TUZ,A_B,A_1186_CYS,A_1256_CYS,A_1258_CYS,B_1186_CYS,B_1256_CYS,B_1258_CYS,,,,,,,,,,,,,,,,,,,,,,
5TWL,A,A_70_CYS,A_89_CYS,,,,,,,,,,,,,,,,,,,,,,,,,,
5U09,A,A_386_CYS,,,,,,,,,,,,,,,,,,,,,,,,,,,
5U46,A_B,A_249_CYS,A_251_CYS,B_249_CYS,,,,,,,,,,,,,,,,,,,,,,,,,
5U7M,G,G_378_CYS,G_445_CYS,,,,,,,,,,,,,,,,,,,,,,,,,,
5U9D,A,A_481_CYS,,,,,,,,,,,,,,,,,,,,,,,,,,,
5UC3,A_B,A_736_CYS,B_736_CYS,,,,,,,,,,,,,,,,,,,,,,,,,,
5UEU,A_B,A_429_CYS,B_429_CYS,,,,,,,,,,,,,,,,,,,,,,,,,,
5UFP,A,A_339_CYS,,,,,,,,,,,,,,,,,,,,,,,,,,,
5UFR,A_B,A_320_CYS,B_320_CYS,,,,,,,,,,,,,,,,,,,,,,,,,,
5UGD,A,A_588_CYS,A_737_CYS,,,,,,,,,,,,,,,,,,,,,,,,,,
5UGG,A,A_588_CYS,A_737_CYS,,,,,,,,,,,,,,,,,,,,,,,,,,
5UHI,B,B_285_CYS,B_320_CYS,,,,,,,,,,,,,,,,,,,,,,,,,,
5UN9,A_B,A_215_CYS,B_215_CYS,,,,,,,,,,,,,,,,,,,,,,,,,,
5UOO,A,A_429_CYS,,,,,,,,,,,,,,,,,,,,,,,,,,,
5UQV,A_B,A_300_CYS,B_300_CYS,,,,,,,,,,,,,,,,,,,,,,,,,,
5UVU,A,A_429_CYS,,,,,,,,,,,,,,,,,,,,,,,,,,,
5UVW,A_B_C,A_136_CYS,B_136_CYS,C_136_CYS,,,,,,,,,,,,,,,,,,,,,,,,,
5UY8,A_C_D,A_101_CYS,C_101_CYS,D_101_CYS,,,,,,,,,,,,,,,,,,,,,,,,,
5UZ0,A_C_D,A_101_CYS,C_101_CYS,D_101_CYS,,,,,,,,,,,,,,,,,,,,,,,,,
5V3H,A,A_181_CYS,,,,,,,,,,,,,,,,,,,,,,,,,,,
5V5N,A,A_174_CYS,,,,,,,,,,,,,,,,,,,,,,,,,,,
5V5Y,A,A_379_CYS,,,,,,,,,,,,,,,,,,,,,,,,,,,
5V84,A_B_C_D,A_510_CYS,B_510_CYS,C_510_CYS,D_510_CYS,,,,,,,,,,,,,,,,,,,,,,,,
5VAM,A_B,A_532_CYS,B_532_CYS,,,,,,,,,,,,,,,,,,,,,,,,,,
5VBQ,A_B,A_105_CYS,B_105_CYS,,,,,,,,,,,,,,,,,,,,,,,,,,
5VC0,A,A_442_CYS,,,,,,,,,,,,,,,,,,,,,,,,,,,
5VC5,A,A_379_CYS,,,,,,,,,,,,,,,,,,,,,,,,,,,
5VCE,A,A_442_CYS,,,,,,,,,,,,,,,,,,,,,,,,,,,
5VCV,A,A_190_CYS,,,,,,,,,,,,,,,,,,,,,,,,,,,
5VCX,A,A_190_CYS,,,,,,,,,,,,,,,,,,,,,,,,,,,
5VCY,A,A_190_CYS,,,,,,,,,,,,,,,,,,,,,,,,,,,
5VD3,A,A_190_CYS,,,,,,,,,,,,,,,,,,,,,,,,,,,
5VFC,A,A_134_CYS,A_261_CYS,,,,,,,,,,,,,,,,,,,,,,,,,,
5VO6,A,A_909_CYS,,,,,,,,,,,,,,,,,,,,,,,,,,,
5VOF,H,H_191_CYS,,,,,,,,,,,,,,,,,,,,,,,,,,,
5VOM,A_B,A_136_CYS,B_136_CYS,,,,,,,,,,,,,,,,,,,,,,,,,,
5VSC,A_B,A_1098_CYS,A_1168_CYS,B_1098_CYS,B_1168_CYS,,,,,,,,,,,,,,,,,,,,,,,,
5VSD,A_B,A_1186_CYS,A_1256_CYS,A_1258_CYS,B_1186_CYS,B_1256_CYS,B_1258_CYS,,,,,,,,,,,,,,,,,,,,,,
5VSE,A_B,A_1098_CYS,A_1168_CYS,B_1098_CYS,B_1168_CYS,,,,,,,,,,,,,,,,,,,,,,,,
5VSF,A_B,A_1186_CYS,A_1256_CYS,A_1258_CYS,B_1256_CYS,B_1258_CYS,,,,,,,,,,,,,,,,,,,,,,,
5W4R,A_B,A_320_CYS,B_320_CYS,,,,,,,,,,,,,,,,,,,,,,,,,,
5W4V,A_B_C_D_E_F,A_320_CYS,B_320_CYS,C_320_CYS,D_320_CYS,E_320_CYS,F_320_CYS,,,,,,,,,,,,,,,,,,,,,,
5W5V,A,A_89_CYS,,,,,,,,,,,,,,,,,,,,,,,,,,,
5W86,B_D,B_909_CYS,D_909_CYS,,,,,,,,,,,,,,,,,,,,,,,,,,
5WBZ,A_B,A_289_CYS,B_289_CYS,,,,,,,,,,,,,,,,,,,,,,,,,,
5WG6,A,A_663_CYS,,,,,,,,,,,,,,,,,,,,,,,,,,,
5WHR,A_B,A_129_CYS,B_129_CYS,,,,,,,,,,,,,,,,,,,,,,,,,,
5WMD,A,A_136_CYS,,,,,,,,,,,,,,,,,,,,,,,,,,,
5WMG,A,A_136_CYS,,,,,,,,,,,,,,,,,,,,,,,,,,,
5WN8,A_B,A_129_CYS,B_129_CYS,,,,,,,,,,,,,,,,,,,,,,,,,,
5WS3,A,A_210_CYS,,,,,,,,,,,,,,,,,,,,,,,,,,,
5WZS,A,A_27_CYS,A_43_CYS,,,,,,,,,,,,,,,,,,,,,,,,,,
5WZT,A,A_27_CYS,A_43_CYS,,,,,,,,,,,,,,,,,,,,,,,,,,
5WZU,A,A_27_CYS,A_43_CYS,,,,,,,,,,,,,,,,,,,,,,,,,,
5WZV,A,A_27_CYS,A_43_CYS,,,,,,,,,,,,,,,,,,,,,,,,,,
5X02,A,A_694_CYS,A_695_CYS,A_828_CYS,,,,,,,,,,,,,,,,,,,,,,,,,
5X2A,B_D,B_797_CYS,D_797_CYS,,,,,,,,,,,,,,,,,,,,,,,,,,
5X5O,A,A_150_CYS,,,,,,,,,,,,,,,,,,,,,,,,,,,
5X66,A_B_C_D_E_F,A_195_CYS,B_195_CYS,C_195_CYS,D_195_CYS,E_195_CYS,F_195_CYS,,,,,,,,,,,,,,,,,,,,,,
5X93,A,A_255_CYS,,,,,,,,,,,,,,,,,,,,,,,,,,,
5XDK,A,A_797_CYS,,,,,,,,,,,,,,,,,,,,,,,,,,,
5XDL,A,A_797_CYS,,,,,,,,,,,,,,,,,,,,,,,,,,,
5XI3,A,A_136_CYS,,,,,,,,,,,,,,,,,,,,,,,,,,,
5XPR,A,A_255_CYS,,,,,,,,,,,,,,,,,,,,,,,,,,,
5Y9T,A,A_797_CYS,,,,,,,,,,,,,,,,,,,,,,,,,,,
5YCP,A,A_285_CYS,,,,,,,,,,,,,,,,,,,,,,,,,,,
5YJK,A,A_191_CYS,A_220_CYS,,,,,,,,,,,,,,,,,,,,,,,,,,
5YJM,A,A_42_CYS,,,,,,,,,,,,,,,,,,,,,,,,,,,
5YJP,A,A_42_CYS,,,,,,,,,,,,,,,,,,,,,,,,,,,
5YOV,A,A_136_CYS,,,,,,,,,,,,,,,,,,,,,,,,,,,
5YU9,A_B_C_D,A_797_CYS,B_797_CYS,C_775_CYS,C_797_CYS,D_797_CYS,,,,,,,,,,,,,,,,,,,,,,,
5Z5V,A,A_136_CYS,,,,,,,,,,,,,,,,,,,,,,,,,,,
5ZA1,A_B,A_285_CYS,A_320_CYS,B_285_CYS,B_320_CYS,,,,,,,,,,,,,,,,,,,,,,,,
5ZA9,U,U_191_CYS,U_220_CYS,,,,,,,,,,,,,,,,,,,,,,,,,,
5ZAH,U,U_191_CYS,U_220_CYS,,,,,,,,,,,,,,,,,,,,,,,,,,
5ZC5,U,U_191_CYS,U_220_CYS,,,,,,,,,,,,,,,,,,,,,,,,,,
5ZJ9,A_B_C_D,A_181_CYS,B_181_CYS,C_181_CYS,D_181_CYS,,,,,,,,,,,,,,,,,,,,,,,,
5ZJA,A_B_C_D,A_181_CYS,B_181_CYS,C_181_CYS,D_181_CYS,,,,,,,,,,,,,,,,,,,,,,,,
5ZWJ,A,A_775_CYS,,,,,,,,,,,,,,,,,,,,,,,,,,,
6ARV,A_B_C_D,A_193_CYS,B_193_CYS,C_193_CYS,D_193_CYS,,,,,,,,,,,,,,,,,,,,,,,,
6AX1,A_B,A_242_CYS,B_242_CYS,,,,,,,,,,,,,,,,,,,,,,,,,,
6B0Z,A_D,A_269_CYS,D_269_CYS,,,,,,,,,,,,,,,,,,,,,,,,,,
6B31,A_B,A_320_CYS,B_320_CYS,,,,,,,,,,,,,,,,,,,,,,,,,,
6B3W,A_B,A_560_CYS,B_560_CYS,,,,,,,,,,,,,,,,,,,,,,,,,,
6B4W,A,A_604_CYS,,,,,,,,,,,,,,,,,,,,,,,,,,,
6B8U,A_B,A_532_CYS,B_532_CYS,,,,,,,,,,,,,,,,,,,,,,,,,,
6BGU,A,A_481_CYS,,,,,,,,,,,,,,,,,,,,,,,,,,,
6BGV,A,A_481_CYS,,,,,,,,,,,,,,,,,,,,,,,,,,,
6BGY,A,A_481_CYS,,,,,,,,,,,,,,,,,,,,,,,,,,,
6BH0,A,A_481_CYS,,,,,,,,,,,,,,,,,,,,,,,,,,,
6BH1,A,A_481_CYS,,,,,,,,,,,,,,,,,,,,,,,,,,,
6BH5,A,A_481_CYS,,,,,,,,,,,,,,,,,,,,,,,,,,,
6BNY,A,A_89_CYS,,,,,,,,,,,,,,,,,,,,,,,,,,,
6BOE,A,A_89_CYS,,,,,,,,,,,,,,,,,,,,,,,,,,,
6BSL,A,A_66_CYS,,,,,,,,,,,,,,,,,,,,,,,,,,,
6BSM,A,A_65_CYS,A_66_CYS,,,,,,,,,,,,,,,,,,,,,,,,,,
6BTQ,A,A_63_CYS,A_65_CYS,A_85_CYS,,,,,,,,,,,,,,,,,,,,,,,,,
6BXH,A,A_241_CYS,A_329_CYS,,,,,,,,,,,,,,,,,,,,,,,,,,
6BXY,A,A_241_CYS,,,,,,,,,,,,,,,,,,,,,,,,,,,
6BY8,A,A_241_CYS,,,,,,,,,,,,,,,,,,,,,,,,,,,
6C0T,A,A_441_CYS,,,,,,,,,,,,,,,,,,,,,,,,,,,
6C1I,A_B,A_285_CYS,B_285_CYS,,,,,,,,,,,,,,,,,,,,,,,,,,
6C6N,A_B,A_491_CYS,A_501_CYS,A_558_CYS,B_491_CYS,B_501_CYS,B_558_CYS,,,,,,,,,,,,,,,,,,,,,,
6C6P,A_B,A_501_CYS,A_558_CYS,B_558_CYS,,,,,,,,,,,,,,,,,,,,,,,,,
6C7Q,A,A_429_CYS,,,,,,,,,,,,,,,,,,,,,,,,,,,
6C7R,A,A_136_CYS,,,,,,,,,,,,,,,,,,,,,,,,,,,
6CAD,A_B,A_532_CYS,B_532_CYS,,,,,,,,,,,,,,,,,,,,,,,,,,
6CGE,A_B,A_10_CYS,A_185_CYS,B_10_CYS,B_185_CYS,,,,,,,,,,,,,,,,,,,,,,,,
6CHI,A_B_C_D,A_442_CYS,B_442_CYS,C_442_CYS,D_442_CYS,,,,,,,,,,,,,,,,,,,,,,,,
6CIC,A_B,A_420_CYS,B_420_CYS,,,,,,,,,,,,,,,,,,,,,,,,,,
6CIR,A_B_C_D,A_442_CYS,B_442_CYS,C_442_CYS,D_442_CYS,,,,,,,,,,,,,,,,,,,,,,,,
6CIS,A,A_136_CYS,,,,,,,,,,,,,,,,,,,,,,,,,,,
6CIZ,A_B_C_D,A_442_CYS,B_442_CYS,C_442_CYS,D_442_CYS,,,,,,,,,,,,,,,,,,,,,,,,
6CK6,A,A_225_CYS,,,,,,,,,,,,,,,,,,,,,,,,,,,
6CKC,A,A_449_CYS,,,,,,,,,,,,,,,,,,,,,,,,,,,
6CKI,A,A_225_CYS,,,,,,,,,,,,,,,,,,,,,,,,,,,
6CKR,A,A_136_CYS,,,,,,,,,,,,,,,,,,,,,,,,,,,
6CKS,A,A_136_CYS,,,,,,,,,,,,,,,,,,,,,,,,,,,
6CN5,A_B,A_285_CYS,A_320_CYS,A_393_CYS,B_285_CYS,B_320_CYS,B_393_CYS,,,,,,,,,,,,,,,,,,,,,,
6CN6,A,A_285_CYS,A_320_CYS,A_393_CYS,,,,,,,,,,,,,,,,,,,,,,,,,
6CQ4,A,A_89_CYS,,,,,,,,,,,,,,,,,,,,,,,,,,,
6CQ5,A,A_89_CYS,,,,,,,,,,,,,,,,,,,,,,,,,,,
6CQF,A,A_94_CYS,,,,,,,,,,,,,,,,,,,,,,,,,,,
6CZW,A,A_339_CYS,,,,,,,,,,,,,,,,,,,,,,,,,,,
6D09,A,A_339_CYS,,,,,,,,,,,,,,,,,,,,,,,,,,,
6D26,A,A_182_CYS,,,,,,,,,,,,,,,,,,,,,,,,,,,
6D3E,A,A_285_CYS,,,,,,,,,,,,,,,,,,,,,,,,,,,
6DCU,A_B,A_285_CYS,B_285_CYS,,,,,,,,,,,,,,,,,,,,,,,,,,
6DI3,A,A_481_CYS,,,,,,,,,,,,,,,,,,,,,,,,,,,
6DI9,A,A_481_CYS,,,,,,,,,,,,,,,,,,,,,,,,,,,
6DPR,B,B_129_CYS,,,,,,,,,,,,,,,,,,,,,,,,,,,
6DQ8,A,A_481_CYS,,,,,,,,,,,,,,,,,,,,,,,,,,,
6DQA,A,A_481_CYS,,,,,,,,,,,,,,,,,,,,,,,,,,,
6DUM,A,A_302_CYS,A_303_CYS,,,,,,,,,,,,,,,,,,,,,,,,,,
6DUV,A_B,A_429_CYS,B_429_CYS,,,,,,,,,,,,,,,,,,,,,,,,,,
6DXK,A_B,A_643_CYS,A_736_CYS,B_736_CYS,,,,,,,,,,,,,,,,,,,,,,,,,
6DXX,B_D_F,B_126_CYS,D_126_CYS,F_126_CYS,,,,,,,,,,,,,,,,,,,,,,,,,
6E0R,A,A_1255_CYS,,,,,,,,,,,,,,,,,,,,,,,,,,,
6E3G,A_B,A_320_CYS,B_320_CYS,,,,,,,,,,,,,,,,,,,,,,,,,,
6.00E+40,A_B_D,A_129_CYS,B_129_CYS,D_129_CYS,,,,,,,,,,,,,,,,,,,,,,,,,
6.00E+41,A_B_C_D,A_129_CYS,B_129_CYS,C_129_CYS,D_129_CYS,,,,,,,,,,,,,,,,,,,,,,,,
6E4F,A,A_481_CYS,,,,,,,,,,,,,,,,,,,,,,,,,,,
6EBW,A,A_1255_CYS,,,,,,,,,,,,,,,,,,,,,,,,,,,
6EL6,A,A_736_CYS,,,,,,,,,,,,,,,,,,,,,,,,,,,
6EL7,A,A_643_CYS,A_736_CYS,,,,,,,,,,,,,,,,,,,,,,,,,,
6EL9,A,A_622_CYS,A_736_CYS,,,,,,,,,,,,,,,,,,,,,,,,,,
6ESN,A,A_285_CYS,A_320_CYS,,,,,,,,,,,,,,,,,,,,,,,,,,
6EZP,A,A_25_CYS,,,,,,,,,,,,,,,,,,,,,,,,,,,
6F06,A_B,A_25_CYS,B_25_CYS,,,,,,,,,,,,,,,,,,,,,,,,,,
6F8U,A,A_524_CYS,,,,,,,,,,,,,,,,,,,,,,,,,,,
6FC8,A,A_87_CYS,,,,,,,,,,,,,,,,,,,,,,,,,,,
6FCF,A,A_87_CYS,,,,,,,,,,,,,,,,,,,,,,,,,,,
6FCK,A,A_87_CYS,,,,,,,,,,,,,,,,,,,,,,,,,,,
6FGQ,A_B,A_285_CYS,A_320_CYS,B_285_CYS,B_320_CYS,,,,,,,,,,,,,,,,,,,,,,,,
6FVZ,A_B,A_156_CYS,A_172_CYS,A_397_CYS,B_156_CYS,B_172_CYS,B_397_CYS,,,,,,,,,,,,,,,,,,,,,,
6FW0,A_B,A_156_CYS,A_172_CYS,A_397_CYS,B_156_CYS,B_172_CYS,B_397_CYS,,,,,,,,,,,,,,,,,,,,,,
6FZ3,A_B,A_249_CYS,B_249_CYS,,,,,,,,,,,,,,,,,,,,,,,,,,
6G05,A_B,A_285_CYS,A_320_CYS,B_285_CYS,B_320_CYS,,,,,,,,,,,,,,,,,,,,,,,,
6G07,A_B_C_D,A_285_CYS,A_320_CYS,B_285_CYS,B_320_CYS,C_285_CYS,C_320_CYS,D_285_CYS,D_320_CYS,,,,,,,,,,,,,,,,,,,,
6G5J,A_B,A_27_CYS,A_43_CYS,B_27_CYS,B_43_CYS,,,,,,,,,,,,,,,,,,,,,,,,
6G93,A,A_166_CYS,,,,,,,,,,,,,,,,,,,,,,,,,,,
6G97,A,A_166_CYS,,,,,,,,,,,,,,,,,,,,,,,,,,,
6G9A,A,A_166_CYS,,,,,,,,,,,,,,,,,,,,,,,,,,,
6G9H,A,A_166_CYS,,,,,,,,,,,,,,,,,,,,,,,,,,,
6G9M,A,A_166_CYS,,,,,,,,,,,,,,,,,,,,,,,,,,,
6G9N,A,A_166_CYS,,,,,,,,,,,,,,,,,,,,,,,,,,,
6GDQ,A,A_166_CYS,,,,,,,,,,,,,,,,,,,,,,,,,,,
6GE0,A,A_166_CYS,,,,,,,,,,,,,,,,,,,,,,,,,,,
6GJB,A,A_166_CYS,,,,,,,,,,,,,,,,,,,,,,,,,,,
6GJD,A,A_166_CYS,,,,,,,,,,,,,,,,,,,,,,,,,,,
6GLA,A_B,A_909_CYS,B_909_CYS,,,,,,,,,,,,,,,,,,,,,,,,,,
6GLB,A_B,A_909_CYS,B_909_CYS,,,,,,,,,,,,,,,,,,,,,,,,,,
6GN1,A_B,A_199_CYS,B_199_CYS,,,,,,,,,,,,,,,,,,,,,,,,,,
6GTT,A,A_113_CYS,A_88_CYS,,,,,,,,,,,,,,,,,,,,,,,,,,
6H0F,C_F_I_L,C_147_CYS,C_150_CYS,F_147_CYS,F_150_CYS,I_147_CYS,I_150_CYS,L_147_CYS,L_150_CYS,,,,,,,,,,,,,,,,,,,,
6H0G,C_F,C_419_CYS,C_422_CYS,F_419_CYS,F_422_CYS,,,,,,,,,,,,,,,,,,,,,,,,
6H3K,A,A_604_CYS,,,,,,,,,,,,,,,,,,,,,,,,,,,
6H4Z,A,A_480_CYS,,,,,,,,,,,,,,,,,,,,,,,,,,,
6HHF,A,A_296_CYS,,,,,,,,,,,,,,,,,,,,,,,,,,,
6HHI,A,A_296_CYS,,,,,,,,,,,,,,,,,,,,,,,,,,,
6HJK,A,A_210_CYS,,,,,,,,,,,,,,,,,,,,,,,,,,,
6HMK,A,A_872_CYS,,,,,,,,,,,,,,,,,,,,,,,,,,,
6HVH,A,A_154_CYS,,,,,,,,,,,,,,,,,,,,,,,,,,,
6HVI,A,A_154_CYS,,,,,,,,,,,,,,,,,,,,,,,,,,,
6HVJ,A,A_154_CYS,,,,,,,,,,,,,,,,,,,,,,,,,,,
6HZV,A_B_C_D,A_909_CYS,B_909_CYS,C_909_CYS,D_909_CYS,,,,,,,,,,,,,,,,,,,,,,,,
6I6P,A_B,A_159_CYS,B_159_CYS,,,,,,,,,,,,,,,,,,,,,,,,,,
6I8Z,A,A_427_CYS,A_502_CYS,,,,,,,,,,,,,,,,,,,,,,,,,,
6IBX,A,A_154_CYS,,,,,,,,,,,,,,,,,,,,,,,,,,,
6IBZ,A,A_154_CYS,,,,,,,,,,,,,,,,,,,,,,,,,,,
6ILQ,A,A_285_CYS,,,,,,,,,,,,,,,,,,,,,,,,,,,
6IO0,A,A_269_CYS,,,,,,,,,,,,,,,,,,,,,,,,,,,
6IUP,A,A_477_CYS,A_552_CYS,,,,,,,,,,,,,,,,,,,,,,,,,,
6JJ3,A,A_136_CYS,,,,,,,,,,,,,,,,,,,,,,,,,,,
6JJB,A,A_136_CYS,,,,,,,,,,,,,,,,,,,,,,,,,,,
6JPJ,A,A_552_CYS,,,,,,,,,,,,,,,,,,,,,,,,,,,
6JQR,A,A_694_CYS,A_695_CYS,,,,,,,,,,,,,,,,,,,,,,,,,,
6JUT,A,A_150_CYS,A_22_CYS,,,,,,,,,,,,,,,,,,,,,,,,,,
6JUU,A,A_150_CYS,,,,,,,,,,,,,,,,,,,,,,,,,,,
6JZH,A,A_128_CYS,A_254_CYS,A_259_CYS,A_262_CYS,A_28_CYS,A_71_CYS,A_77_CYS,,,,,,,,,,,,,,,,,,,,,
6K1Q,A,A_174_CYS,,,,,,,,,,,,,,,,,,,,,,,,,,,
6KDA,A_D,A_607_CYS,D_607_CYS,,,,,,,,,,,,,,,,,,,,,,,,,,
6KDB,A_D,A_607_CYS,D_607_CYS,,,,,,,,,,,,,,,,,,,,,,,,,,
6KDL,A_D,A_607_CYS,D_607_CYS,,,,,,,,,,,,,,,,,,,,,,,,,,
6KDP,A_D,A_607_CYS,D_607_CYS,,,,,,,,,,,,,,,,,,,,,,,,,,
6KDT,A_D,A_607_CYS,D_607_CYS,,,,,,,,,,,,,,,,,,,,,,,,,,
6KOF,A_B,A_129_CYS,B_129_CYS,,,,,,,,,,,,,,,,,,,,,,,,,,
6KPS,A_B,A_129_CYS,B_129_CYS,,,,,,,,,,,,,,,,,,,,,,,,,,
6KQI,A,A_238_CYS,,,,,,,,,,,,,,,,,,,,,,,,,,,
6KZP,A,A_1397_CYS,,,,,,,,,,,,,,,,,,,,,,,,,,,
6LUB,A,A_775_CYS,,,,,,,,,,,,,,,,,,,,,,,,,,,
6M7X,A_B,A_450_CYS,B_450_CYS,,,,,,,,,,,,,,,,,,,,,,,,,,
6MBO,A_B,A_1155_CYS,A_1225_CYS,A_1227_CYS,B_1155_CYS,B_1225_CYS,,,,,,,,,,,,,,,,,,,,,,,
6MBP,A_B,A_1225_CYS,A_1227_CYS,B_1155_CYS,B_1225_CYS,B_1227_CYS,,,,,,,,,,,,,,,,,,,,,,,
6MD4,A,A_285_CYS,,,,,,,,,,,,,,,,,,,,,,,,,,,
6MLQ,B,B_12_CYS,,,,,,,,,,,,,,,,,,,,,,,,,,,
6MLR,B,B_12_CYS,,,,,,,,,,,,,,,,,,,,,,,,,,,
6MNE,A_B,A_10_CYS,B_10_CYS,,,,,,,,,,,,,,,,,,,,,,,,,,
6MON,A_B,A_181_CYS,B_181_CYS,,,,,,,,,,,,,,,,,,,,,,,,,,
6MQ6,B,B_129_CYS,,,,,,,,,,,,,,,,,,,,,,,,,,,
6MTJ,G,G_445_CYS,,,,,,,,,,,,,,,,,,,,,,,,,,,
6MXT,A,A_1191_CYS,,,,,,,,,,,,,,,,,,,,,,,,,,,
6MZW,A,A_488_CYS,,,,,,,,,,,,,,,,,,,,,,,,,,,
6N0P,A_B,A_532_CYS,B_532_CYS,,,,,,,,,,,,,,,,,,,,,,,,,,
6N3G,A,A_181_CYS,,,,,,,,,,,,,,,,,,,,,,,,,,,
6N3O,A,A_805_CYS,,,,,,,,,,,,,,,,,,,,,,,,,,,
6N4E,A,A_156_CYS,,,,,,,,,,,,,,,,,,,,,,,,,,,
6NAD,A_B,A_320_CYS,B_320_CYS,,,,,,,,,,,,,,,,,,,,,,,,,,
6NPU,A_B,A_483_CYS,B_483_CYS,,,,,,,,,,,,,,,,,,,,,,,,,,
6NPV,A,A_483_CYS,,,,,,,,,,,,,,,,,,,,,,,,,,,
6NT2,A_B_C_D,A_119_CYS,B_119_CYS,C_119_CYS,D_119_CYS,,,,,,,,,,,,,,,,,,,,,,,,
6NWT,A_C,A_320_CYS,A_393_CYS,C_320_CYS,C_393_CYS,,,,,,,,,,,,,,,,,,,,,,,,
6NZM,D,D_481_CYS,,,,,,,,,,,,,,,,,,,,,,,,,,,
6NZQ,A_B,A_736_CYS,B_736_CYS,,,,,,,,,,,,,,,,,,,,,,,,,,
6O1G,A,A_574_CYS,A_602_CYS,,,,,,,,,,,,,,,,,,,,,,,,,,
6O1S,E,E_574_CYS,E_602_CYS,,,,,,,,,,,,,,,,,,,,,,,,,,
6O3I,A_B,A_129_CYS,B_129_CYS,,,,,,,,,,,,,,,,,,,,,,,,,,
6O98,A_B,A_264_CYS,A_299_CYS,B_264_CYS,B_299_CYS,,,,,,,,,,,,,,,,,,,,,,,,
6O9X,A,A_872_CYS,,,,,,,,,,,,,,,,,,,,,,,,,,,
6OA3,A,A_872_CYS,,,,,,,,,,,,,,,,,,,,,,,,,,,
6OAK,A,A_872_CYS,,,,,,,,,,,,,,,,,,,,,,,,,,,
6OB7,A,A_439_CYS,A_87_CYS,,,,,,,,,,,,,,,,,,,,,,,,,,
6OMU,A,A_481_CYS,,,,,,,,,,,,,,,,,,,,,,,,,,,
6ONI,B,B_285_CYS,,,,,,,,,,,,,,,,,,,,,,,,,,,
6ONJ,A,A_285_CYS,,,,,,,,,,,,,,,,,,,,,,,,,,,
6OPH,A,A_164_CYS,,,,,,,,,,,,,,,,,,,,,,,,,,,
6OPI,A,A_164_CYS,,,,,,,,,,,,,,,,,,,,,,,,,,,
6P05,A,A_136_CYS,,,,,,,,,,,,,,,,,,,,,,,,,,,
6P1L,A_B_C_D,A_775_CYS,A_797_CYS,B_797_CYS,C_775_CYS,C_797_CYS,D_775_CYS,D_797_CYS,,,,,,,,,,,,,,,,,,,,,
6P3D,A,A_532_CYS,,,,,,,,,,,,,,,,,,,,,,,,,,,
6P5V,A,A_1090_CYS,A_1115_CYS,,,,,,,,,,,,,,,,,,,,,,,,,,
6P9F,A_B,A_285_CYS,A_320_CYS,B_285_CYS,B_320_CYS,,,,,,,,,,,,,,,,,,,,,,,,
6PDZ,A_B,A_285_CYS,B_285_CYS,,,,,,,,,,,,,,,,,,,,,,,,,,
6PM9,A_B_C_D,A_215_CYS,B_215_CYS,C_215_CYS,D_215_CYS,,,,,,,,,,,,,,,,,,,,,,,,
6PU7,A_B,A_129_CYS,B_129_CYS,,,,,,,,,,,,,,,,,,,,,,,,,,
6PZ1,A_B,A_129_CYS,B_129_CYS,,,,,,,,,,,,,,,,,,,,,,,,,,
6Q6M,A,A_320_CYS,,,,,,,,,,,,,,,,,,,,,,,,,,,
6Q6O,A,A_320_CYS,,,,,,,,,,,,,,,,,,,,,,,,,,,
6Q7A,A,A_320_CYS,A_393_CYS,,,,,,,,,,,,,,,,,,,,,,,,,,
6Q7H,A,A_320_CYS,,,,,,,,,,,,,,,,,,,,,,,,,,,
6QAU,A_B_C,A_88_CYS,B_88_CYS,C_88_CYS,,,,,,,,,,,,,,,,,,,,,,,,,
6QFE,A_B,A_157_CYS,A_191_CYS,A_220_CYS,B_157_CYS,B_191_CYS,B_220_CYS,,,,,,,,,,,,,,,,,,,,,,
6QMR,A_B_C_D_E_F,A_191_CYS,A_220_CYS,A_42_CYS,A_58_CYS,B_191_CYS,B_220_CYS,B_42_CYS,B_58_CYS,C_191_CYS,C_220_CYS,C_42_CYS,C_58_CYS,D_191_CYS,D_220_CYS,D_42_CYS,D_58_CYS,E_191_CYS,E_220_CYS,E_42_CYS,E_58_CYS,F_191_CYS,F_220_CYS,F_42_CYS,,,,,
6QMT,A_B,A_191_CYS,A_220_CYS,A_42_CYS,A_58_CYS,B_191_CYS,B_220_CYS,B_42_CYS,,,,,,,,,,,,,,,,,,,,,
6QXG,A_B_C,A_195_CYS,B_195_CYS,C_195_CYS,,,,,,,,,,,,,,,,,,,,,,,,,
6R7J,A,A_285_CYS,A_320_CYS,,,,,,,,,,,,,,,,,,,,,,,,,,
6R7K,A,A_285_CYS,A_320_CYS,,,,,,,,,,,,,,,,,,,,,,,,,,
6RZA,B_D,B_12_CYS,D_12_CYS,,,,,,,,,,,,,,,,,,,,,,,,,,
6T2W,A,A_666_CYS,,,,,,,,,,,,,,,,,,,,,,,,,,,
6TCU,A,A_199_CYS,,,,,,,,,,,,,,,,,,,,,,,,,,,
6TNC,A,A_604_CYS,,,,,,,,,,,,,,,,,,,,,,,,,,,
6TO7,A_B,A_218_CYS,B_218_CYS,,,,,,,,,,,,,,,,,,,,,,,,,,
6TOJ,A,A_53_CYS,,,,,,,,,,,,,,,,,,,,,,,,,,,
6TOK,A,A_53_CYS,,,,,,,,,,,,,,,,,,,,,,,,,,,
6TOL,A,A_53_CYS,,,,,,,,,,,,,,,,,,,,,,,,,,,
6TOM,A,A_53_CYS,,,,,,,,,,,,,,,,,,,,,,,,,,,
6TON,A,A_53_CYS,,,,,,,,,,,,,,,,,,,,,,,,,,,
6TP4,A_B,A_202_CYS,A_218_CYS,A_99_CYS,B_218_CYS,,,,,,,,,,,,,,,,,,,,,,,,
6TP6,A_B,A_218_CYS,A_99_CYS,B_218_CYS,B_99_CYS,,,,,,,,,,,,,,,,,,,,,,,,
6TPG,A,A_210_CYS,,,,,,,,,,,,,,,,,,,,,,,,,,,
6TPJ,A_B,A_107_CYS,B_107_CYS,,,,,,,,,,,,,,,,,,,,,,,,,,
6TQ7,A_B,A_202_CYS,A_218_CYS,A_99_CYS,B_202_CYS,B_218_CYS,B_99_CYS,,,,,,,,,,,,,,,,,,,,,,
6TS5,A,A_191_CYS,A_219_CYS,A_40_CYS,A_58_CYS,,,,,,,,,,,,,,,,,,,,,,,,
6TS6,A,A_191_CYS,A_219_CYS,A_40_CYS,,,,,,,,,,,,,,,,,,,,,,,,,
6U25,A,A_285_CYS,A_320_CYS,,,,,,,,,,,,,,,,,,,,,,,,,,
6U2H,C_D,C_532_CYS,D_532_CYS,,,,,,,,,,,,,,,,,,,,,,,,,,
6U9K,A_B,A_3882_CYS,A_3957_CYS,A_3959_CYS,B_3882_CYS,B_3957_CYS,B_3959_CYS,,,,,,,,,,,,,,,,,,,,,,
6U9M,A_B,A_3882_CYS,A_3957_CYS,A_3959_CYS,B_3882_CYS,B_3957_CYS,B_3959_CYS,,,,,,,,,,,,,,,,,,,,,,
6U9N,A_B,A_3882_CYS,A_3957_CYS,A_3959_CYS,B_3882_CYS,B_3957_CYS,B_3959_CYS,,,,,,,,,,,,,,,,,,,,,,
6U9R,A_B,A_3882_CYS,A_3957_CYS,A_3959_CYS,B_3882_CYS,B_3957_CYS,B_3959_CYS,,,,,,,,,,,,,,,,,,,,,,
6UNG,A,A_442_CYS,,,,,,,,,,,,,,,,,,,,,,,,,,,
6URC,A_B,A_645_CYS,B_645_CYS,,,,,,,,,,,,,,,,,,,,,,,,,,
6V6L,A,A_199_CYS,,,,,,,,,,,,,,,,,,,,,,,,,,,
6V90,A,A_1438_CYS,,,,,,,,,,,,,,,,,,,,,,,,,,,
6V9C,A,A_552_CYS,,,,,,,,,,,,,,,,,,,,,,,,,,,
6W0N,A_B,A_289_CYS,B_289_CYS,,,,,,,,,,,,,,,,,,,,,,,,,,
6W0X,A_B,A_282_CYS,A_289_CYS,B_282_CYS,B_289_CYS,,,,,,,,,,,,,,,,,,,,,,,,
6W0Z,A_B,A_282_CYS,A_289_CYS,B_282_CYS,B_289_CYS,,,,,,,,,,,,,,,,,,,,,,,,
6W58,A_B,A_156_CYS,B_156_CYS,,,,,,,,,,,,,,,,,,,,,,,,,,
6W8H,A,A_156_CYS,,,,,,,,,,,,,,,,,,,,,,,,,,,
6WGX,A_B,A_136_CYS,B_136_CYS,,,,,,,,,,,,,,,,,,,,,,,,,,
6WJY,A_B,A_129_CYS,B_129_CYS,,,,,,,,,,,,,,,,,,,,,,,,,,
6X3N,A,A_481_CYS,,,,,,,,,,,,,,,,,,,,,,,,,,,
6X3O,A_B,A_481_CYS,B_481_CYS,,,,,,,,,,,,,,,,,,,,,,,,,,
6X3P,A,A_481_CYS,,,,,,,,,,,,,,,,,,,,,,,,,,,
6X5L,A,A_196_CYS,A_224_CYS,A_41_CYS,A_57_CYS,,,,,,,,,,,,,,,,,,,,,,,,
6X5P,A,A_196_CYS,A_224_CYS,A_41_CYS,A_57_CYS,,,,,,,,,,,,,,,,,,,,,,,,
6X7B,A,A_136_CYS,,,,,,,,,,,,,,,,,,,,,,,,,,,
6X7D,B,B_136_CYS,,,,,,,,,,,,,,,,,,,,,,,,,,,
6XDM,A_B_C,A_152_CYS,B_152_CYS,C_152_CYS,,,,,,,,,,,,,,,,,,,,,,,,,
6XVA,A_B,A_673_CYS,A_809_CYS,B_673_CYS,B_674_CYS,B_809_CYS,,,,,,,,,,,,,,,,,,,,,,,
6XVK,A,A_1024_CYS,A_1045_CYS,A_919_CYS,,,,,,,,,,,,,,,,,,,,,,,,,
6Y9R,A,A_199_CYS,,,,,,,,,,,,,,,,,,,,,,,,,,,
6Y9S,A_B,A_199_CYS,B_199_CYS,,,,,,,,,,,,,,,,,,,,,,,,,,
6ZJZ,A_B,A_479_CYS,B_479_CYS,,,,,,,,,,,,,,,,,,,,,,,,,,
6ZUG,H,H_191_CYS,H_220_CYS,,,,,,,,,,,,,,,,,,,,,,,,,,
6ZUH,H,H_191_CYS,,,,,,,,,,,,,,,,,,,,,,,,,,,
6ZUN,H,H_191_CYS,,,,,,,,,,,,,,,,,,,,,,,,,,,
6ZUW,H,H_191_CYS,,,,,,,,,,,,,,,,,,,,,,,,,,,
6ZUX,H,H_191_CYS,,,,,,,,,,,,,,,,,,,,,,,,,,,
6ZV7,H,H_191_CYS,,,,,,,,,,,,,,,,,,,,,,,,,,,
6ZV8,H,H_191_CYS,,,,,,,,,,,,,,,,,,,,,,,,,,,
7BTV,A_B,A_1098_CYS,A_1168_CYS,B_1098_CYS,B_1168_CYS,,,,,,,,,,,,,,,,,,,,,,,,
7JNT,G,G_247_CYS,,,,,,,,,,,,,,,,,,,,,,,,,,,
7JWS,A,A_302_CYS,,,,,,,,,,,,,,,,,,,,,,,,,,,
7JWT,A,A_302_CYS,,,,,,,,,,,,,,,,,,,,,,,,,,,
7JWU,A,A_302_CYS,A_303_CYS,,,,,,,,,,,,,,,,,,,,,,,,,,
7JWV,A,A_302_CYS,,,,,,,,,,,,,,,,,,,,,,,,,,,
7JWW,A,A_302_CYS,A_303_CYS,,,,,,,,,,,,,,,,,,,,,,,,,,
7KBG,A_B_C,A_152_CYS,B_152_CYS,C_152_CYS,,,,,,,,,,,,,,,,,,,,,,,,,
